,Hit@1 (0.8),Hit@2 (0.8),Hit@5 (0.8),Hit@10 (0.8),Hit@15 (0.8),Hit@20 (0.8),Hit@1 (0.9),Hit@2 (0.9),Hit@5 (0.9),Hit@10 (0.9),Hit@15 (0.9),Hit@20 (0.9),NDCG@1,NDCG@2,NDCG@5,NDCG@10,NDCG@15,NDCG@20
sf_bi_encoder_dataset_metadata,0.8513513513513513,0.8851351351351351,0.9054054054054054,0.9121621621621622,0.9256756756756757,0.9324324324324325,0.7972972972972973,0.8648648648648649,0.8918918918918919,0.8986486486486487,0.9054054054054054,0.9054054054054054,0.8752937448647002,0.8767796006638622,0.8692918560227569,0.8696767022395424,0.8707678599243759,0.8758795865448887
sf_bi_encoder_models_metadata,0.6351351351351351,0.8175675675675675,0.9527027027027027,0.9662162162162162,0.9662162162162162,0.9662162162162162,0.6216216216216216,0.7567567567567568,0.9324324324324325,0.9594594594594594,0.9662162162162162,0.9662162162162162,0.8255312075829354,0.807254023772745,0.8248432474159082,0.8537202078974773,0.8665870200803051,0.875135559243457
multi_field_bi_encoder,0.7905405405405406,0.8851351351351351,0.8986486486486487,0.9121621621621622,0.9256756756756757,0.9324324324324325,0.7635135135135135,0.8378378378378378,0.8783783783783784,0.8986486486486487,0.9121621621621622,0.9121621621621622,0.8229067773090881,0.8337813630890608,0.8398422361586972,0.8490434509922639,0.8562058481813983,0.8589946093285871
p_norm,0.6891891891891891,0.8243243243243243,0.8851351351351351,0.8918918918918919,0.918918918918919,0.918918918918919,0.6621621621621622,0.8040540540540541,0.8716216216216216,0.8851351351351351,0.9054054054054054,0.9054054054054054,0.6939210620368197,0.6873924347870592,0.7015941040294035,0.7266865281342638,0.7428396236968682,0.7554773216164502
scaled_p_norm,0.831081081081081,0.8851351351351351,0.9324324324324325,0.9527027027027027,0.9594594594594594,0.9594594594594594,0.7905405405405406,0.8445945945945946,0.9121621621621622,0.9391891891891891,0.9459459459459459,0.9459459459459459,0.8561295446533886,0.8418038710834199,0.8358450618202565,0.8415688977405341,0.8448181701152235,0.853196217319639
ged,0.5743243243243243,0.8243243243243243,0.9054054054054054,0.918918918918919,0.9256756756756757,0.9256756756756757,0.4527027027027027,0.7432432432432432,0.8513513513513513,0.8783783783783784,0.8851351351351351,0.8851351351351351,0.5683656114097609,0.6308411487149626,0.6846675044102961,0.7230034011970581,0.7491762344155514,0.7669109276963543
data_emb_d10_w10_exekg_cosine,0.75,0.8648648648648649,0.9324324324324325,0.9459459459459459,0.9527027027027027,0.9527027027027027,0.7027027027027027,0.8243243243243243,0.918918918918919,0.9459459459459459,0.9459459459459459,0.9459459459459459,0.7690327191999631,0.7862569173794237,0.7973972356463768,0.807263161116783,0.817075276177025,0.8196462613490497
data_emb_d10_w10_exekg_euclidian,0.7567567567567568,0.8783783783783784,0.9459459459459459,0.9527027027027027,0.9527027027027027,0.9527027027027027,0.7162162162162162,0.8581081081081081,0.9391891891891891,0.9527027027027027,0.9527027027027027,0.9527027027027027,0.776893324102128,0.7987363901831621,0.821752718006061,0.8268958055147568,0.8334104985026264,0.8402114967521213
data_emb_d10_w10_exekg_manhattan,0.777027027027027,0.8716216216216216,0.9459459459459459,0.9459459459459459,0.9527027027027027,0.9527027027027027,0.7364864864864865,0.8581081081081081,0.9391891891891891,0.9459459459459459,0.9527027027027027,0.9527027027027027,0.7965421838525123,0.8051026426593706,0.8224090608081218,0.8282350708539921,0.8347290188501819,0.8418945231280687
data_emb_d10_w10_exekg_dot_prod,0.8648648648648649,0.8648648648648649,0.9054054054054054,0.9121621621621622,0.9459459459459459,0.9527027027027027,0.777027027027027,0.7837837837837838,0.8851351351351351,0.9054054054054054,0.9391891891891891,0.9459459459459459,0.8801484240477504,0.8769252701039557,0.8418435120488453,0.8381140618098571,0.77807674819182,0.7651587761813254
pip_emb_d10_w10_exekg_cosine,0.8040540540540541,0.8716216216216216,0.9324324324324325,0.9527027027027027,0.9594594594594594,0.972972972972973,0.7702702702702703,0.8445945945945946,0.918918918918919,0.9527027027027027,0.9527027027027027,0.9594594594594594,0.8272688545824264,0.8371436011673689,0.8462349368048088,0.8562427130789937,0.8638676534680018,0.8721570257284162
pip_emb_d10_w10_exekg_euclidian,0.8378378378378378,0.8783783783783784,0.9527027027027027,0.9594594594594594,0.9662162162162162,0.9662162162162162,0.8175675675675675,0.8513513513513513,0.9391891891891891,0.9594594594594594,0.9594594594594594,0.9594594594594594,0.8597822650797865,0.8539995646228083,0.8493316845766115,0.8647267114456678,0.8699444322607556,0.8753834990960616
pip_emb_d10_w10_exekg_manhattan,0.8445945945945946,0.9054054054054054,0.9527027027027027,0.9594594594594594,0.9662162162162162,0.9662162162162162,0.8108108108108109,0.8783783783783784,0.9391891891891891,0.9527027027027027,0.9594594594594594,0.9594594594594594,0.8611580225395699,0.8606814074448601,0.8519648248850061,0.8637471297771053,0.869973764658728,0.8756380251295476
pip_emb_d10_w10_exekg_dot_prod,0.02702702702702703,0.02702702702702703,0.8986486486486487,0.9459459459459459,0.9594594594594594,0.9864864864864865,0.02702702702702703,0.02702702702702703,0.7972972972972973,0.9256756756756757,0.9459459459459459,0.972972972972973,0.02702702702702703,0.016571545750417794,0.16479813644050595,0.4002468693711084,0.46609031867998335,0.5170660430587386
comb_emb_d10_w10_exekg_cosine,0.8040540540540541,0.8851351351351351,0.9459459459459459,0.9459459459459459,0.9459459459459459,0.9459459459459459,0.7702702702702703,0.8716216216216216,0.9324324324324325,0.9459459459459459,0.9459459459459459,0.9459459459459459,0.817877021450182,0.816600642818288,0.82289017714912,0.827555671071189,0.833697190586517,0.8375415835852498
comb_emb_d10_w10_exekg_euclidian,0.7905405405405406,0.8986486486486487,0.9459459459459459,0.9527027027027027,0.9527027027027027,0.9527027027027027,0.7567567567567568,0.8783783783783784,0.9391891891891891,0.9527027027027027,0.9527027027027027,0.9527027027027027,0.8101894629701659,0.8227582117029398,0.8343801649570737,0.8376698005166997,0.8390085164427414,0.8451531671025351
comb_emb_d10_w10_exekg_manhattan,0.7905405405405406,0.8918918918918919,0.9459459459459459,0.9459459459459459,0.9527027027027027,0.9527027027027027,0.7635135135135135,0.8783783783783784,0.9391891891891891,0.9459459459459459,0.9527027027027027,0.9527027027027027,0.8114760565117575,0.8250048286655678,0.8372099412495073,0.8355945686501538,0.8377147323064531,0.8446775034309913
comb_emb_d10_w10_exekg_dot_prod,0.8648648648648649,0.8648648648648649,0.9054054054054054,0.9121621621621622,0.9459459459459459,0.9527027027027027,0.777027027027027,0.7837837837837838,0.8851351351351351,0.9054054054054054,0.9391891891891891,0.9459459459459459,0.8801484240477504,0.8769252701039557,0.8434702047254964,0.8382824525397665,0.778724927548996,0.7655156037790989
data_emb_d10_w10_exekg_mlsea_cosine,0.7635135135135135,0.8716216216216216,0.9459459459459459,0.9662162162162162,0.9662162162162162,0.9662162162162162,0.6824324324324325,0.8175675675675675,0.9256756756756757,0.9594594594594594,0.9662162162162162,0.9662162162162162,0.7903540441820486,0.7897099481881906,0.7884266415524853,0.8021502082166573,0.8093199501262521,0.8173844174115419
data_emb_d10_w10_exekg_mlsea_euclidian,0.7567567567567568,0.8716216216216216,0.9324324324324325,0.9459459459459459,0.9527027027027027,0.9527027027027027,0.6959459459459459,0.831081081081081,0.918918918918919,0.9459459459459459,0.9527027027027027,0.9527027027027027,0.7781040747295128,0.7885969497136167,0.8102107326560911,0.8219985848873943,0.8284691778290321,0.8373071264687979
data_emb_d10_w10_exekg_mlsea_manhattan,0.7635135135135135,0.8783783783783784,0.9391891891891891,0.9391891891891891,0.9527027027027027,0.9527027027027027,0.7027027027027027,0.8445945945945946,0.9256756756756757,0.9391891891891891,0.9527027027027027,0.9527027027027027,0.7806683973751655,0.7890857233731072,0.8086808096357512,0.8207957715320087,0.8268358144373215,0.8351912762433457
data_emb_d10_w10_exekg_mlsea_dot_prod,0.8648648648648649,0.8648648648648649,0.8918918918918919,0.9121621621621622,0.9459459459459459,0.9527027027027027,0.777027027027027,0.7837837837837838,0.8783783783783784,0.8918918918918919,0.9391891891891891,0.9459459459459459,0.8801484240477504,0.8769252701039557,0.8716275729158001,0.84575722534109,0.7488147710010227,0.7668302203288857
pip_emb_d10_w10_exekg_mlsea_cosine,0.8445945945945946,0.8986486486486487,0.9459459459459459,0.9594594594594594,0.9594594594594594,0.9594594594594594,0.7972972972972973,0.8648648648648649,0.9324324324324325,0.9594594594594594,0.9594594594594594,0.9594594594594594,0.8510892796052324,0.8491744342157534,0.8452191041773116,0.859152802591276,0.8704852322660686,0.8734255801535221
pip_emb_d10_w10_exekg_mlsea_euclidian,0.831081081081081,0.8986486486486487,0.9527027027027027,0.9594594594594594,0.9662162162162162,0.972972972972973,0.7905405405405406,0.8581081081081081,0.9391891891891891,0.9594594594594594,0.9662162162162162,0.972972972972973,0.843792131818668,0.8522891195304064,0.8473779210966879,0.8624133549641766,0.8720894508485859,0.8767343746177637
pip_emb_d10_w10_exekg_mlsea_manhattan,0.831081081081081,0.8716216216216216,0.9459459459459459,0.9594594594594594,0.9662162162162162,0.972972972972973,0.7837837837837838,0.831081081081081,0.9324324324324325,0.9594594594594594,0.9594594594594594,0.972972972972973,0.8374744477292371,0.8428588421935809,0.846996807643921,0.8617152642162763,0.8700495200251873,0.8750220798309625
pip_emb_d10_w10_exekg_mlsea_dot_prod,0.033783783783783786,0.8648648648648649,0.8986486486486487,0.9391891891891891,0.9662162162162162,0.9797297297297297,0.0,0.7635135135135135,0.7972972972972973,0.8513513513513513,0.9527027027027027,0.972972972972973,0.03645430576833386,0.34089625486216346,0.20654215762908454,0.3320118704347734,0.40651722459037043,0.47079751129733305
comb_emb_d10_w10_exekg_mlsea_cosine,0.8513513513513513,0.918918918918919,0.9527027027027027,0.9594594594594594,0.9594594594594594,0.9594594594594594,0.8175675675675675,0.8918918918918919,0.9324324324324325,0.9527027027027027,0.9594594594594594,0.9594594594594594,0.8718008901036174,0.860553969288362,0.8401621546494767,0.8402837357196437,0.8437941196864321,0.8497211507910021
comb_emb_d10_w10_exekg_mlsea_euclidian,0.831081081081081,0.8918918918918919,0.9391891891891891,0.9459459459459459,0.9527027027027027,0.9594594594594594,0.7905405405405406,0.8648648648648649,0.9256756756756757,0.9459459459459459,0.9527027027027027,0.9594594594594594,0.8515871642190082,0.8348450737638518,0.8371527736190153,0.8369274356674504,0.8440587520832694,0.8516631808640248
comb_emb_d10_w10_exekg_mlsea_manhattan,0.8243243243243243,0.8986486486486487,0.9391891891891891,0.9459459459459459,0.9527027027027027,0.9594594594594594,0.7905405405405406,0.8716216216216216,0.9256756756756757,0.9459459459459459,0.9527027027027027,0.9594594594594594,0.8468863329391507,0.8359472921741896,0.8352443129977424,0.8359327990316608,0.8429269991142371,0.8527304751104442
comb_emb_d10_w10_exekg_mlsea_dot_prod,0.8648648648648649,0.8648648648648649,0.8851351351351351,0.9121621621621622,0.9459459459459459,0.9527027027027027,0.777027027027027,0.7837837837837838,0.8716216216216216,0.8918918918918919,0.9391891891891891,0.9459459459459459,0.8801484240477504,0.8769252701039557,0.8711555119080038,0.8456961796328174,0.749120092353506,0.7670798226778928
data_emb_d15_w10_exekg_cosine,0.8040540540540541,0.8716216216216216,0.9324324324324325,0.9459459459459459,0.9527027027027027,0.9594594594594594,0.722972972972973,0.8175675675675675,0.9121621621621622,0.9459459459459459,0.9527027027027027,0.9594594594594594,0.8185483599298987,0.8055260879948213,0.8086376284575103,0.8161999619952517,0.8201329040654646,0.8244189370816022
data_emb_d15_w10_exekg_euclidian,0.7972972972972973,0.8716216216216216,0.9324324324324325,0.9527027027027027,0.9594594594594594,0.9594594594594594,0.75,0.8378378378378378,0.9054054054054054,0.9527027027027027,0.9594594594594594,0.9594594594594594,0.81918868002893,0.80805780622206,0.8263297845727046,0.8344004986952895,0.837999145817743,0.8442611018157086
data_emb_d15_w10_exekg_manhattan,0.7972972972972973,0.8716216216216216,0.9324324324324325,0.9459459459459459,0.9594594594594594,0.9594594594594594,0.75,0.831081081081081,0.9054054054054054,0.9459459459459459,0.9594594594594594,0.9594594594594594,0.8192724637159063,0.8033629948959098,0.8241218401013755,0.8319342848281861,0.837605615048039,0.8441255632410881
data_emb_d15_w10_exekg_dot_prod,0.8648648648648649,0.8648648648648649,0.9054054054054054,0.9121621621621622,0.9459459459459459,0.9527027027027027,0.777027027027027,0.7837837837837838,0.8851351351351351,0.8986486486486487,0.9391891891891891,0.9459459459459459,0.8801484240477504,0.8769252701039557,0.8652724615876153,0.843571092500137,0.7759313896454983,0.7659003070489626
pip_emb_d15_w10_exekg_cosine,0.831081081081081,0.8986486486486487,0.9527027027027027,0.9594594594594594,0.9594594594594594,0.9594594594594594,0.7905405405405406,0.8716216216216216,0.9391891891891891,0.9594594594594594,0.9594594594594594,0.9594594594594594,0.8490224113388872,0.8517454733397839,0.8514654627593394,0.8567965297711688,0.8649566804876967,0.8706427041010412
pip_emb_d15_w10_exekg_euclidian,0.8378378378378378,0.9121621621621622,0.9391891891891891,0.9594594594594594,0.9594594594594594,0.9662162162162162,0.7905405405405406,0.8851351351351351,0.9324324324324325,0.9527027027027027,0.9594594594594594,0.9594594594594594,0.856001350493634,0.8509749228364898,0.845725052394,0.8536697962617243,0.8654567625204068,0.8692670917395691
pip_emb_d15_w10_exekg_manhattan,0.8040540540540541,0.9054054054054054,0.9391891891891891,0.9594594594594594,0.9594594594594594,0.9662162162162162,0.7702702702702703,0.8851351351351351,0.9324324324324325,0.9527027027027027,0.9527027027027027,0.9594594594594594,0.8291833295573667,0.8419130337355788,0.8435765931318122,0.851898389721504,0.8602160849770722,0.8688366899625168
pip_emb_d15_w10_exekg_dot_prod,0.02702702702702703,0.0472972972972973,0.30405405405405406,0.972972972972973,0.9797297297297297,0.9864864864864865,0.02702702702702703,0.0472972972972973,0.2972972972972973,0.9459459459459459,0.9662162162162162,0.972972972972973,0.02702702702702703,0.03375229732233509,0.07089331375872392,0.30955439725504813,0.39017878066131184,0.45286083236858155
comb_emb_d15_w10_exekg_cosine,0.8108108108108109,0.8918918918918919,0.9391891891891891,0.9527027027027027,0.9527027027027027,0.9527027027027027,0.75,0.8581081081081081,0.9256756756756757,0.9527027027027027,0.9527027027027027,0.9527027027027027,0.8364269742965842,0.8393864309189564,0.8286120233783661,0.8305366094859823,0.8339289080338481,0.8406308682545383
comb_emb_d15_w10_exekg_euclidian,0.8108108108108109,0.8851351351351351,0.9391891891891891,0.9527027027027027,0.9594594594594594,0.9594594594594594,0.777027027027027,0.8648648648648649,0.918918918918919,0.9527027027027027,0.9594594594594594,0.9594594594594594,0.8337704282693226,0.829934294355366,0.8393606672961826,0.8401475184133019,0.8411303499280272,0.8485646130245195
comb_emb_d15_w10_exekg_manhattan,0.8040540540540541,0.8783783783783784,0.9391891891891891,0.9527027027027027,0.9594594594594594,0.9594594594594594,0.7702702702702703,0.8513513513513513,0.918918918918919,0.9527027027027027,0.9594594594594594,0.9594594594594594,0.8285209200232889,0.828923478280947,0.8378545666092498,0.8413514684475377,0.8417907904121678,0.8475534531216989
comb_emb_d15_w10_exekg_dot_prod,0.8648648648648649,0.8648648648648649,0.9054054054054054,0.9121621621621622,0.9459459459459459,0.9527027027027027,0.777027027027027,0.7837837837837838,0.8851351351351351,0.8986486486486487,0.9391891891891891,0.9459459459459459,0.8801484240477504,0.8769252701039557,0.8690608423799296,0.8441210013746646,0.7776846787442265,0.7666579764909899
data_emb_d15_w10_exekg_mlsea_cosine,0.722972972972973,0.8783783783783784,0.9324324324324325,0.9594594594594594,0.9662162162162162,0.972972972972973,0.668918918918919,0.831081081081081,0.9121621621621622,0.9594594594594594,0.9662162162162162,0.972972972972973,0.7507903792144507,0.7613583602583989,0.7840167166247688,0.7970797853773693,0.8068278797102281,0.8145044203110877
data_emb_d15_w10_exekg_mlsea_euclidian,0.7364864864864865,0.8851351351351351,0.9256756756756757,0.9459459459459459,0.9459459459459459,0.9459459459459459,0.6891891891891891,0.8648648648648649,0.9121621621621622,0.9459459459459459,0.9459459459459459,0.9459459459459459,0.7522621044101374,0.7876166415867101,0.797723891537997,0.8112292269184915,0.8194074142407856,0.8311541394242139
data_emb_d15_w10_exekg_mlsea_manhattan,0.75,0.8783783783783784,0.9256756756756757,0.9459459459459459,0.9459459459459459,0.9527027027027027,0.6891891891891891,0.8378378378378378,0.9121621621621622,0.9459459459459459,0.9459459459459459,0.9527027027027027,0.768144288928596,0.7866295563849617,0.8052240969964359,0.8118557916789972,0.8208950044177097,0.8316938762998978
data_emb_d15_w10_exekg_mlsea_dot_prod,0.8648648648648649,0.8648648648648649,0.8851351351351351,0.9121621621621622,0.9459459459459459,0.9527027027027027,0.777027027027027,0.7837837837837838,0.8716216216216216,0.8986486486486487,0.9391891891891891,0.9459459459459459,0.8801484240477504,0.8769252701039557,0.8721197580883366,0.8460975772270062,0.7493693187734184,0.7672615282322188
pip_emb_d15_w10_exekg_mlsea_cosine,0.8513513513513513,0.918918918918919,0.9324324324324325,0.9594594594594594,0.9594594594594594,0.9594594594594594,0.8108108108108109,0.8716216216216216,0.918918918918919,0.9594594594594594,0.9594594594594594,0.9594594594594594,0.8782158594918391,0.8714070015538595,0.8631801278211158,0.87135621182117,0.8795540859740602,0.8824630359525303
pip_emb_d15_w10_exekg_mlsea_euclidian,0.8581081081081081,0.9121621621621622,0.9459459459459459,0.9594594594594594,0.9594594594594594,0.9594594594594594,0.7905405405405406,0.8851351351351351,0.9324324324324325,0.9594594594594594,0.9594594594594594,0.9594594594594594,0.8783950987156438,0.8694002954321637,0.8611987573490016,0.8725246421814716,0.8792498794988832,0.8812694738671131
pip_emb_d15_w10_exekg_mlsea_manhattan,0.8716216216216216,0.918918918918919,0.9391891891891891,0.9594594594594594,0.9594594594594594,0.9662162162162162,0.8243243243243243,0.8986486486486487,0.9324324324324325,0.9594594594594594,0.9594594594594594,0.9594594594594594,0.888088355967643,0.8755877218230829,0.8615747423065092,0.8703545669092989,0.878072975707534,0.8809297136436387
pip_emb_d15_w10_exekg_mlsea_dot_prod,0.02702702702702703,0.033783783783783786,0.9256756756756757,0.9324324324324325,0.972972972972973,0.9797297297297297,0.02702702702702703,0.033783783783783786,0.8175675675675675,0.831081081081081,0.9662162162162162,0.9662162162162162,0.02702702702702703,0.030048254919456778,0.1560962296039823,0.23877020221198367,0.36485860389588376,0.43636774886357876
comb_emb_d15_w10_exekg_mlsea_cosine,0.831081081081081,0.9054054054054054,0.9527027027027027,0.9594594594594594,0.9594594594594594,0.9594594594594594,0.8040540540540541,0.8918918918918919,0.9391891891891891,0.9594594594594594,0.9594594594594594,0.9594594594594594,0.8648305822356027,0.8578426021726042,0.8402199007211588,0.8393750254760153,0.844346385318221,0.8499299334286102
comb_emb_d15_w10_exekg_mlsea_euclidian,0.8243243243243243,0.8918918918918919,0.9324324324324325,0.9459459459459459,0.9527027027027027,0.9594594594594594,0.7837837837837838,0.8648648648648649,0.918918918918919,0.9459459459459459,0.9527027027027027,0.9594594594594594,0.8454141639964051,0.8373940687020011,0.8297496429439406,0.8381424494761847,0.8419411058146301,0.8499299031209255
comb_emb_d15_w10_exekg_mlsea_manhattan,0.831081081081081,0.8851351351351351,0.9324324324324325,0.9527027027027027,0.9527027027027027,0.9594594594594594,0.7972972972972973,0.8581081081081081,0.918918918918919,0.9527027027027027,0.9527027027027027,0.9594594594594594,0.8528349616812713,0.8418306024268104,0.8332632022964744,0.8372989890824929,0.8423977877618343,0.8504013366358226
comb_emb_d15_w10_exekg_mlsea_dot_prod,0.8648648648648649,0.8648648648648649,0.8783783783783784,0.9121621621621622,0.9459459459459459,0.9527027027027027,0.777027027027027,0.7837837837837838,0.8648648648648649,0.8986486486486487,0.9391891891891891,0.9459459459459459,0.8801484240477504,0.8769252701039557,0.8722531576860623,0.8460378964406889,0.7492648810156001,0.7671815651122968
data_emb_d20_w10_exekg_cosine,0.7635135135135135,0.8716216216216216,0.9391891891891891,0.9459459459459459,0.9527027027027027,0.972972972972973,0.7027027027027027,0.8243243243243243,0.9121621621621622,0.9391891891891891,0.9527027027027027,0.9662162162162162,0.784907102682313,0.7862157209493746,0.8019431389929378,0.8081071453004337,0.8152054471790701,0.8231023294469914
data_emb_d20_w10_exekg_euclidian,0.7905405405405406,0.8716216216216216,0.9391891891891891,0.9527027027027027,0.9527027027027027,0.9594594594594594,0.722972972972973,0.8175675675675675,0.9256756756756757,0.9527027027027027,0.9527027027027027,0.9527027027027027,0.8131706703805917,0.798336258641849,0.8137263377686343,0.821364279935673,0.8294525537197135,0.8377961202870899
data_emb_d20_w10_exekg_manhattan,0.7972972972972973,0.8716216216216216,0.9459459459459459,0.9527027027027027,0.9594594594594594,0.9594594594594594,0.722972972972973,0.831081081081081,0.9324324324324325,0.9527027027027027,0.9527027027027027,0.9527027027027027,0.8151552508753469,0.79887533628404,0.8132876846294647,0.8214756637247228,0.8296975957588009,0.8384413318009202
data_emb_d20_w10_exekg_dot_prod,0.8648648648648649,0.8648648648648649,0.9054054054054054,0.9121621621621622,0.9459459459459459,0.9527027027027027,0.777027027027027,0.7837837837837838,0.8851351351351351,0.8986486486486487,0.9391891891891891,0.9459459459459459,0.8801484240477504,0.8769252701039557,0.8560195193060542,0.8392427096398667,0.7772262183464604,0.7654477339500101
pip_emb_d20_w10_exekg_cosine,0.8243243243243243,0.8581081081081081,0.9121621621621622,0.9527027027027027,0.9594594594594594,0.9662162162162162,0.777027027027027,0.8243243243243243,0.8783783783783784,0.9459459459459459,0.9594594594594594,0.9594594594594594,0.8530251154128617,0.849639301286575,0.8416664089942981,0.8504785531421571,0.8604312892283246,0.8660451227662647
pip_emb_d20_w10_exekg_euclidian,0.8040540540540541,0.8513513513513513,0.9256756756756757,0.9459459459459459,0.972972972972973,0.972972972972973,0.7635135135135135,0.8243243243243243,0.918918918918919,0.9459459459459459,0.9662162162162162,0.972972972972973,0.854813308773434,0.8508071751380303,0.8454609670360228,0.8577568508895992,0.8647881667004026,0.8731093159479361
pip_emb_d20_w10_exekg_manhattan,0.7972972972972973,0.8581081081081081,0.9391891891891891,0.9527027027027027,0.9662162162162162,0.972972972972973,0.7567567567567568,0.8175675675675675,0.9324324324324325,0.9527027027027027,0.9594594594594594,0.972972972972973,0.8439499434987423,0.844947322595749,0.8447327227407315,0.8577060276039876,0.8640608945351379,0.8711971801709334
pip_emb_d20_w10_exekg_dot_prod,0.02702702702702703,0.033783783783783786,0.13513513513513514,0.9527027027027027,0.9797297297297297,0.9797297297297297,0.02702702702702703,0.033783783783783786,0.13513513513513514,0.918918918918919,0.972972972972973,0.972972972972973,0.02702702702702703,0.02702702702702703,0.03973017814248654,0.2621071829899276,0.3321966855870855,0.41479906858319915
comb_emb_d20_w10_exekg_cosine,0.8108108108108109,0.8783783783783784,0.9324324324324325,0.9459459459459459,0.9527027027027027,0.9594594594594594,0.7432432432432432,0.8513513513513513,0.918918918918919,0.9391891891891891,0.9459459459459459,0.9594594594594594,0.8291650565874874,0.8180374145890082,0.8140055916066603,0.8232988338174677,0.8297409050632976,0.8376042539466432
comb_emb_d20_w10_exekg_euclidian,0.8175675675675675,0.8716216216216216,0.9459459459459459,0.9527027027027027,0.9527027027027027,0.9594594594594594,0.7364864864864865,0.8243243243243243,0.9324324324324325,0.9527027027027027,0.9527027027027027,0.9527027027027027,0.8402861276254621,0.8216888668119392,0.8251098474525892,0.8295395711435706,0.8338924605568859,0.8419680432217636
comb_emb_d20_w10_exekg_manhattan,0.831081081081081,0.8783783783783784,0.9459459459459459,0.9527027027027027,0.9527027027027027,0.9594594594594594,0.7432432432432432,0.831081081081081,0.9324324324324325,0.9527027027027027,0.9527027027027027,0.9527027027027027,0.8452677015299609,0.8264729293265961,0.8263654269598147,0.8305904345991214,0.8366169026472139,0.8435720988689592
comb_emb_d20_w10_exekg_dot_prod,0.8648648648648649,0.8648648648648649,0.9054054054054054,0.9121621621621622,0.9459459459459459,0.9527027027027027,0.777027027027027,0.7837837837837838,0.8851351351351351,0.8986486486486487,0.9391891891891891,0.9459459459459459,0.8801484240477504,0.8770768359057651,0.8612330889988998,0.8420874710938694,0.7783181658040104,0.766171398620969
data_emb_d20_w10_exekg_mlsea_cosine,0.7567567567567568,0.8918918918918919,0.9391891891891891,0.9459459459459459,0.9459459459459459,0.9459459459459459,0.7162162162162162,0.8581081081081081,0.918918918918919,0.9391891891891891,0.9459459459459459,0.9459459459459459,0.7802764984676794,0.8056378761396606,0.8100946093964287,0.8129996284589577,0.8140865923924732,0.8215749307320195
data_emb_d20_w10_exekg_mlsea_euclidian,0.7635135135135135,0.8783783783783784,0.9324324324324325,0.9459459459459459,0.9594594594594594,0.9594594594594594,0.7162162162162162,0.8445945945945946,0.9121621621621622,0.9391891891891891,0.9594594594594594,0.9594594594594594,0.785066858829229,0.7937829136701462,0.8110718446886388,0.8174941056116403,0.8260663399908701,0.83204270223813
data_emb_d20_w10_exekg_mlsea_manhattan,0.777027027027027,0.8851351351351351,0.9324324324324325,0.9459459459459459,0.9594594594594594,0.9594594594594594,0.722972972972973,0.8513513513513513,0.918918918918919,0.9391891891891891,0.9594594594594594,0.9594594594594594,0.7964405837387444,0.8019336137566802,0.8164814619039596,0.8211130038784828,0.8266696947399332,0.8334670290908999
data_emb_d20_w10_exekg_mlsea_dot_prod,0.8648648648648649,0.8648648648648649,0.8918918918918919,0.9121621621621622,0.9459459459459459,0.9527027027027027,0.777027027027027,0.7837837837837838,0.8783783783783784,0.8918918918918919,0.9391891891891891,0.9459459459459459,0.8801484240477504,0.8769252701039557,0.8701730912025486,0.8455591564257205,0.7490411480754897,0.7670584878112852
pip_emb_d20_w10_exekg_mlsea_cosine,0.8716216216216216,0.9054054054054054,0.9527027027027027,0.9594594594594594,0.9594594594594594,0.9662162162162162,0.8175675675675675,0.8783783783783784,0.9391891891891891,0.9594594594594594,0.9594594594594594,0.9662162162162162,0.8816130831719103,0.8596538290910263,0.8579574620096546,0.8647089472851948,0.8749124224634937,0.8788875862141442
pip_emb_d20_w10_exekg_mlsea_euclidian,0.8716216216216216,0.8986486486486487,0.9256756756756757,0.9662162162162162,0.9662162162162162,0.9662162162162162,0.8175675675675675,0.8648648648648649,0.918918918918919,0.9662162162162162,0.9662162162162162,0.9662162162162162,0.8888230807550223,0.8814503362846303,0.8689450038846882,0.8778509469433589,0.8798238401806757,0.8842940998339701
pip_emb_d20_w10_exekg_mlsea_manhattan,0.8716216216216216,0.8986486486486487,0.9459459459459459,0.9594594594594594,0.9662162162162162,0.9662162162162162,0.8175675675675675,0.8648648648648649,0.9324324324324325,0.9594594594594594,0.9662162162162162,0.9662162162162162,0.8890466275859066,0.8780861140553288,0.8743236881728804,0.8758192296444444,0.8796388839326581,0.884152978032973
pip_emb_d20_w10_exekg_mlsea_dot_prod,0.0,0.033783783783783786,0.08783783783783784,0.9391891891891891,0.9594594594594594,0.972972972972973,0.0,0.033783783783783786,0.08783783783783784,0.8445945945945946,0.9391891891891891,0.9459459459459459,0.0,0.01306935159576154,0.032618066784094776,0.2447142110369558,0.37558757012461125,0.4610228011587033
comb_emb_d20_w10_exekg_mlsea_cosine,0.8445945945945946,0.9256756756756757,0.9459459459459459,0.9594594594594594,0.9594594594594594,0.9594594594594594,0.8108108108108109,0.9121621621621622,0.9324324324324325,0.9527027027027027,0.9594594594594594,0.9594594594594594,0.8615915547465601,0.8582980057224716,0.8358857354648708,0.8419696693348335,0.8476735407778884,0.8567943674682951
comb_emb_d20_w10_exekg_mlsea_euclidian,0.8108108108108109,0.8986486486486487,0.9391891891891891,0.9459459459459459,0.9594594594594594,0.9594594594594594,0.7837837837837838,0.8851351351351351,0.9256756756756757,0.9391891891891891,0.9594594594594594,0.9594594594594594,0.837951658358457,0.8367893563249759,0.8315401577502246,0.8388758502341985,0.8449554128584292,0.8524832253789303
comb_emb_d20_w10_exekg_mlsea_manhattan,0.8108108108108109,0.8986486486486487,0.9391891891891891,0.9459459459459459,0.9594594594594594,0.9594594594594594,0.7837837837837838,0.8851351351351351,0.9256756756756757,0.9391891891891891,0.9594594594594594,0.9594594594594594,0.8325260676461931,0.8365528539438416,0.8304726640413681,0.837893552877315,0.844583125128294,0.851529549943533
comb_emb_d20_w10_exekg_mlsea_dot_prod,0.8648648648648649,0.8648648648648649,0.8851351351351351,0.9121621621621622,0.9459459459459459,0.9527027027027027,0.777027027027027,0.7837837837837838,0.8716216216216216,0.8986486486486487,0.9391891891891891,0.9459459459459459,0.8801484240477504,0.8769252701039557,0.8715357135868047,0.845704979883218,0.7491769577180042,0.7671707578069181
data_emb_d10_w10_exekg_cosine_mkga,0.7702702702702703,0.8783783783783784,0.9527027027027027,0.9527027027027027,0.9594594594594594,0.9662162162162162,0.7027027027027027,0.8378378378378378,0.9324324324324325,0.9527027027027027,0.9594594594594594,0.9662162162162162,0.787223143236232,0.8019169514406119,0.8122259607955817,0.8197600372254537,0.8233535343049951,0.8294222550111781
data_emb_d10_w10_exekg_euclidian_mkga,0.7972972972972973,0.8851351351351351,0.9391891891891891,0.9527027027027027,0.9594594594594594,0.9662162162162162,0.7094594594594594,0.8581081081081081,0.9256756756756757,0.9527027027027027,0.9594594594594594,0.9662162162162162,0.8126106228393102,0.8152058189602941,0.8344044825271998,0.8413284038369804,0.8400062792657593,0.845149236885493
data_emb_d10_w10_exekg_manhattan_mkga,0.7905405405405406,0.8851351351351351,0.9391891891891891,0.9527027027027027,0.9594594594594594,0.9662162162162162,0.7297297297297297,0.8445945945945946,0.9256756756756757,0.9527027027027027,0.9594594594594594,0.9662162162162162,0.8087633619946969,0.8139876338553882,0.8299095689318454,0.8391649822812479,0.8391509600656107,0.8433683908880378
data_emb_d10_w10_exekg_dot_prod_mkga,0.8648648648648649,0.8648648648648649,0.9054054054054054,0.9121621621621622,0.9459459459459459,0.9527027027027027,0.777027027027027,0.7837837837837838,0.8851351351351351,0.9054054054054054,0.9391891891891891,0.9459459459459459,0.8801484240477504,0.8769252701039557,0.8578283523729688,0.8380935503182907,0.7761933732795693,0.7644751363506672
pip_emb_d10_w10_exekg_cosine_mkga,0.8243243243243243,0.9054054054054054,0.9459459459459459,0.9594594594594594,0.9662162162162162,0.9662162162162162,0.777027027027027,0.8581081081081081,0.9324324324324325,0.9527027027027027,0.9662162162162162,0.9662162162162162,0.8561932135544557,0.8602851291340011,0.8557354279862036,0.8645189651401166,0.8756364233013711,0.8818165212083553
pip_emb_d10_w10_exekg_euclidian_mkga,0.831081081081081,0.9054054054054054,0.9324324324324325,0.9527027027027027,0.9594594594594594,0.9594594594594594,0.777027027027027,0.8378378378378378,0.9121621621621622,0.9527027027027027,0.9594594594594594,0.9594594594594594,0.8687751217744709,0.8594912503428936,0.8601189441108883,0.8664580000760048,0.8741033099773751,0.8785520029604765
pip_emb_d10_w10_exekg_manhattan_mkga,0.8243243243243243,0.8986486486486487,0.9324324324324325,0.9527027027027027,0.9594594594594594,0.9594594594594594,0.7702702702702703,0.831081081081081,0.9256756756756757,0.9527027027027027,0.9594594594594594,0.9594594594594594,0.8637886191968189,0.8645083795193091,0.8620728867229647,0.8672203139000687,0.8744537349133644,0.8789508669046048
pip_emb_d10_w10_exekg_dot_prod_mkga,0.02702702702702703,0.033783783783783786,0.5675675675675675,0.9391891891891891,0.972972972972973,0.9797297297297297,0.02702702702702703,0.033783783783783786,0.5675675675675675,0.9256756756756757,0.9594594594594594,0.972972972972973,0.02702702702702703,0.019185416069570103,0.1282556282859106,0.3423426496446451,0.43607041688249537,0.5041643127460348
comb_emb_d10_w10_exekg_cosine_mkga,0.7972972972972973,0.8918918918918919,0.9594594594594594,0.9662162162162162,0.9662162162162162,0.9662162162162162,0.75,0.8716216216216216,0.9459459459459459,0.9662162162162162,0.9662162162162162,0.9662162162162162,0.8280289486139463,0.8385358563752643,0.8338109853789237,0.8382376833423018,0.8392290750923651,0.8438371255889343
comb_emb_d10_w10_exekg_euclidian_mkga,0.8108108108108109,0.8918918918918919,0.9391891891891891,0.9459459459459459,0.9594594594594594,0.9594594594594594,0.7635135135135135,0.8648648648648649,0.9256756756756757,0.9459459459459459,0.9594594594594594,0.9594594594594594,0.8292473673011602,0.8276746833854548,0.8409452330432569,0.8396470960765003,0.8422524924579547,0.8468282267661404
comb_emb_d10_w10_exekg_manhattan_mkga,0.8108108108108109,0.8986486486486487,0.9391891891891891,0.9459459459459459,0.9594594594594594,0.9662162162162162,0.75,0.8581081081081081,0.9256756756756757,0.9459459459459459,0.9594594594594594,0.9662162162162162,0.8285529757030967,0.8322061326870658,0.839234143939899,0.8390946916104245,0.8403501409250124,0.8470703018999238
comb_emb_d10_w10_exekg_dot_prod_mkga,0.8648648648648649,0.8648648648648649,0.9054054054054054,0.9121621621621622,0.9459459459459459,0.9527027027027027,0.777027027027027,0.7837837837837838,0.8851351351351351,0.9054054054054054,0.9391891891891891,0.9459459459459459,0.8801484240477504,0.8769252701039557,0.8574970765417247,0.8368746486522117,0.775834561724826,0.7641756262171342
data_emb_d10_w10_exekg_mlsea_cosine_mkga,0.7635135135135135,0.8648648648648649,0.9256756756756757,0.9527027027027027,0.9527027027027027,0.9594594594594594,0.7364864864864865,0.8445945945945946,0.9121621621621622,0.9527027027027027,0.9527027027027027,0.9594594594594594,0.7906555349964078,0.7995708787040948,0.8042467556118971,0.8184472144517432,0.8221244756027556,0.8279273399920107
data_emb_d10_w10_exekg_mlsea_euclidian_mkga,0.7972972972972973,0.8716216216216216,0.9324324324324325,0.9459459459459459,0.9459459459459459,0.9459459459459459,0.7364864864864865,0.831081081081081,0.9121621621621622,0.9459459459459459,0.9459459459459459,0.9459459459459459,0.8157667033661444,0.8096689170868713,0.8207604379385914,0.8286202232867582,0.8359358721369983,0.8402698500791825
data_emb_d10_w10_exekg_mlsea_manhattan_mkga,0.777027027027027,0.8783783783783784,0.9256756756756757,0.9459459459459459,0.9459459459459459,0.9459459459459459,0.7364864864864865,0.8445945945945946,0.9054054054054054,0.9459459459459459,0.9459459459459459,0.9459459459459459,0.7993283937165863,0.8099377246342818,0.8221943731767991,0.8300427216122466,0.8353382490414256,0.840105992013014
data_emb_d10_w10_exekg_mlsea_dot_prod_mkga,0.8648648648648649,0.8648648648648649,0.8783783783783784,0.9121621621621622,0.9459459459459459,0.9527027027027027,0.777027027027027,0.7837837837837838,0.8648648648648649,0.8986486486486487,0.9391891891891891,0.9459459459459459,0.8801484240477504,0.8769252701039557,0.8720389842394093,0.8461589281962664,0.7506479532600225,0.7676383800294984
pip_emb_d10_w10_exekg_mlsea_cosine_mkga,0.8783783783783784,0.8986486486486487,0.9324324324324325,0.9527027027027027,0.9527027027027027,0.9594594594594594,0.8175675675675675,0.8648648648648649,0.9121621621621622,0.9527027027027027,0.9527027027027027,0.9594594594594594,0.8899884554468859,0.8639382028626765,0.8463803170105626,0.8587901318217673,0.8663226628350473,0.8727864421568103
pip_emb_d10_w10_exekg_mlsea_euclidian_mkga,0.8648648648648649,0.9054054054054054,0.9324324324324325,0.9459459459459459,0.9459459459459459,0.9459459459459459,0.8040540540540541,0.8648648648648649,0.9256756756756757,0.9459459459459459,0.9459459459459459,0.9459459459459459,0.8721892685814233,0.8600969510953351,0.8508741942001499,0.8621380468085305,0.8651139227508253,0.87169712917452
pip_emb_d10_w10_exekg_mlsea_manhattan_mkga,0.8513513513513513,0.8986486486486487,0.9391891891891891,0.9527027027027027,0.9527027027027027,0.9527027027027027,0.7972972972972973,0.8513513513513513,0.9256756756756757,0.9527027027027027,0.9527027027027027,0.9527027027027027,0.8662741296620032,0.8525606461416065,0.8511879872070494,0.8625760492347002,0.8665252787259434,0.8716657836304365
pip_emb_d10_w10_exekg_mlsea_dot_prod_mkga,0.0,0.033783783783783786,0.8918918918918919,0.9527027027027027,0.972972972972973,0.9864864864864865,0.0,0.033783783783783786,0.8648648648648649,0.9324324324324325,0.9527027027027027,0.9594594594594594,0.0,0.01306935159576154,0.18706395318351607,0.38378537270688556,0.4635268965029811,0.5167971814965249
comb_emb_d10_w10_exekg_mlsea_cosine_mkga,0.8445945945945946,0.8986486486486487,0.9459459459459459,0.9527027027027027,0.9527027027027027,0.9594594594594594,0.8108108108108109,0.8716216216216216,0.9324324324324325,0.9527027027027027,0.9527027027027027,0.9594594594594594,0.8686834674234684,0.8528749673090636,0.8393967092682355,0.8443106168455632,0.8489459268025071,0.856537870057242
comb_emb_d10_w10_exekg_mlsea_euclidian_mkga,0.831081081081081,0.8851351351351351,0.9324324324324325,0.9391891891891891,0.9459459459459459,0.9459459459459459,0.8040540540540541,0.8581081081081081,0.918918918918919,0.9391891891891891,0.9459459459459459,0.9459459459459459,0.8506611734655254,0.8401800761485941,0.8345416905350208,0.8398512036136894,0.8470693088284144,0.8551310077833182
comb_emb_d10_w10_exekg_mlsea_manhattan_mkga,0.8378378378378378,0.8851351351351351,0.9324324324324325,0.9459459459459459,0.9459459459459459,0.9459459459459459,0.8175675675675675,0.8581081081081081,0.918918918918919,0.9459459459459459,0.9459459459459459,0.9459459459459459,0.8601944127538995,0.8476486282337504,0.8379866488651143,0.8421283477408836,0.8492845092656847,0.8568760059320245
comb_emb_d10_w10_exekg_mlsea_dot_prod_mkga,0.8648648648648649,0.8648648648648649,0.8783783783783784,0.9121621621621622,0.9459459459459459,0.9527027027027027,0.777027027027027,0.7837837837837838,0.8648648648648649,0.8986486486486487,0.9391891891891891,0.9459459459459459,0.8801484240477504,0.8769252701039557,0.8724062352145546,0.8459939577830962,0.7503467155215645,0.7677020270612426
data_emb_d15_w10_exekg_cosine_mkga,0.777027027027027,0.8918918918918919,0.9324324324324325,0.9594594594594594,0.9594594594594594,0.972972972972973,0.6891891891891891,0.831081081081081,0.9054054054054054,0.9594594594594594,0.9594594594594594,0.972972972972973,0.7803514939236658,0.7908628379170205,0.7956982821244498,0.8061042255880857,0.8099793408963212,0.8206220494450636
data_emb_d15_w10_exekg_euclidian_mkga,0.777027027027027,0.8783783783783784,0.9527027027027027,0.9662162162162162,0.9662162162162162,0.9662162162162162,0.6959459459459459,0.8175675675675675,0.9391891891891891,0.9662162162162162,0.9662162162162162,0.9662162162162162,0.7974234979352672,0.7888643029128742,0.8085084589754785,0.8231881790446157,0.8302946683523644,0.8388822388700828
data_emb_d15_w10_exekg_manhattan_mkga,0.777027027027027,0.8783783783783784,0.9391891891891891,0.9594594594594594,0.9662162162162162,0.9662162162162162,0.6891891891891891,0.8378378378378378,0.9324324324324325,0.9594594594594594,0.9662162162162162,0.9662162162162162,0.8008823629492244,0.803231572176085,0.8135516701691586,0.826904240759929,0.8331046941365902,0.8402095744026592
data_emb_d15_w10_exekg_dot_prod_mkga,0.8648648648648649,0.8648648648648649,0.9054054054054054,0.9121621621621622,0.9391891891891891,0.9527027027027027,0.777027027027027,0.7837837837837838,0.8851351351351351,0.8986486486486487,0.9324324324324325,0.9459459459459459,0.8801484240477504,0.8769252701039557,0.866479353033033,0.8425779735381399,0.7783498096196007,0.7654267377062145
pip_emb_d15_w10_exekg_cosine_mkga,0.8243243243243243,0.8918918918918919,0.9527027027027027,0.9594594594594594,0.9594594594594594,0.9662162162162162,0.7567567567567568,0.831081081081081,0.9256756756756757,0.9594594594594594,0.9594594594594594,0.9662162162162162,0.8560681392278586,0.8524604961434281,0.8528057805669288,0.8661923860836728,0.8732267911765963,0.8798751987935854
pip_emb_d15_w10_exekg_euclidian_mkga,0.8175675675675675,0.8918918918918919,0.9324324324324325,0.9459459459459459,0.9527027027027027,0.9527027027027027,0.7567567567567568,0.8513513513513513,0.9121621621621622,0.9391891891891891,0.9459459459459459,0.9527027027027027,0.8721177416928514,0.8711972546171738,0.8611942358175914,0.8675830524155178,0.8696238024979458,0.8727884078098127
pip_emb_d15_w10_exekg_manhattan_mkga,0.8175675675675675,0.9054054054054054,0.9324324324324325,0.9459459459459459,0.9527027027027027,0.9527027027027027,0.7432432432432432,0.8581081081081081,0.9121621621621622,0.9391891891891891,0.9459459459459459,0.9527027027027027,0.8634943002623743,0.8691994744890404,0.8637879606597243,0.8670331021928258,0.8700900332095439,0.873018043901713
pip_emb_d15_w10_exekg_dot_prod_mkga,0.0,0.033783783783783786,0.47297297297297297,0.9594594594594594,0.9662162162162162,0.972972972972973,0.0,0.033783783783783786,0.47297297297297297,0.9256756756756757,0.9527027027027027,0.9594594594594594,0.0,0.013069351595761539,0.08028952824266021,0.31233903277264763,0.43242321015116597,0.5070673558007432
comb_emb_d15_w10_exekg_cosine_mkga,0.8175675675675675,0.8783783783783784,0.9391891891891891,0.9527027027027027,0.9594594594594594,0.9594594594594594,0.7702702702702703,0.8648648648648649,0.9324324324324325,0.9527027027027027,0.9594594594594594,0.9594594594594594,0.8322782806774068,0.8247361500701597,0.8252554375121649,0.8318109347213065,0.835153200934354,0.8394935885875011
comb_emb_d15_w10_exekg_euclidian_mkga,0.7972972972972973,0.8783783783783784,0.9459459459459459,0.9594594594594594,0.9594594594594594,0.9594594594594594,0.75,0.8445945945945946,0.9391891891891891,0.9594594594594594,0.9594594594594594,0.9594594594594594,0.8218227449621895,0.8160906300825572,0.8294690885433609,0.8342612831390993,0.8389364516854825,0.8476511280619174
comb_emb_d15_w10_exekg_manhattan_mkga,0.8040540540540541,0.8648648648648649,0.9391891891891891,0.9594594594594594,0.9594594594594594,0.9594594594594594,0.75,0.8378378378378378,0.9391891891891891,0.9594594594594594,0.9594594594594594,0.9594594594594594,0.8257913767413019,0.8219431272933604,0.8290065680051195,0.8337657607971896,0.840155651321189,0.8479138018147477
comb_emb_d15_w10_exekg_dot_prod_mkga,0.8648648648648649,0.8648648648648649,0.9054054054054054,0.9121621621621622,0.9391891891891891,0.9527027027027027,0.777027027027027,0.7837837837837838,0.8851351351351351,0.8986486486486487,0.9324324324324325,0.9459459459459459,0.8801484240477504,0.8769252701039557,0.8630975524717059,0.8423681207670672,0.7782483332762404,0.7653494109197656
data_emb_d15_w10_exekg_mlsea_cosine_mkga,0.777027027027027,0.8716216216216216,0.9391891891891891,0.9527027027027027,0.9527027027027027,0.9527027027027027,0.7162162162162162,0.831081081081081,0.9256756756756757,0.9527027027027027,0.9527027027027027,0.9527027027027027,0.7907354761360939,0.7963620085283506,0.7985087091350741,0.7985989131451522,0.8080665329560549,0.8161903021079968
data_emb_d15_w10_exekg_mlsea_euclidian_mkga,0.722972972972973,0.8513513513513513,0.9459459459459459,0.9459459459459459,0.9527027027027027,0.9594594594594594,0.668918918918919,0.8175675675675675,0.9324324324324325,0.9459459459459459,0.9527027027027027,0.9594594594594594,0.7647280178417533,0.7739134753675775,0.803222010417481,0.8171939246741257,0.8284719567606502,0.8373894273172966
data_emb_d15_w10_exekg_mlsea_manhattan_mkga,0.7297297297297297,0.8445945945945946,0.9391891891891891,0.9459459459459459,0.9527027027027027,0.9594594594594594,0.668918918918919,0.8243243243243243,0.918918918918919,0.9459459459459459,0.9527027027027027,0.9594594594594594,0.7692139197051423,0.7758420515481197,0.799258092604403,0.8147143538957898,0.8277064027729869,0.8372243405557509
data_emb_d15_w10_exekg_mlsea_dot_prod_mkga,0.8648648648648649,0.8648648648648649,0.8783783783783784,0.9121621621621622,0.9459459459459459,0.9527027027027027,0.777027027027027,0.7837837837837838,0.8716216216216216,0.8986486486486487,0.9391891891891891,0.9459459459459459,0.8801484240477504,0.8769252701039557,0.8692542263516935,0.8525795669349412,0.7490905385351451,0.7668903296425058
pip_emb_d15_w10_exekg_mlsea_cosine_mkga,0.8108108108108109,0.8851351351351351,0.9324324324324325,0.9459459459459459,0.9459459459459459,0.9527027027027027,0.75,0.8648648648648649,0.9121621621621622,0.9459459459459459,0.9459459459459459,0.9527027027027027,0.8472893872968003,0.8365413500884404,0.8350788852205331,0.8525098170034937,0.862260503296287,0.8689673982550422
pip_emb_d15_w10_exekg_mlsea_euclidian_mkga,0.8040540540540541,0.8851351351351351,0.9324324324324325,0.9391891891891891,0.9459459459459459,0.9459459459459459,0.7432432432432432,0.8581081081081081,0.9121621621621622,0.9391891891891891,0.9459459459459459,0.9459459459459459,0.8311403851700493,0.8384661879229761,0.8432145045446763,0.8507066202814303,0.8596704182538684,0.8647908132726815
pip_emb_d15_w10_exekg_mlsea_manhattan_mkga,0.8243243243243243,0.8851351351351351,0.9324324324324325,0.9459459459459459,0.9459459459459459,0.9459459459459459,0.7364864864864865,0.8581081081081081,0.918918918918919,0.9459459459459459,0.9459459459459459,0.9459459459459459,0.847770854800157,0.8402497639398814,0.8453419775864905,0.8510452122951253,0.8596328608905385,0.865498484456958
pip_emb_d15_w10_exekg_mlsea_dot_prod_mkga,0.0,0.0472972972972973,0.8243243243243243,0.972972972972973,0.9797297297297297,0.9797297297297297,0.0,0.0472972972972973,0.7297297297297297,0.9594594594594594,0.972972972972973,0.972972972972973,0.0,0.02389270680502159,0.21891340120577418,0.4101952397585081,0.49238336748596845,0.5440364135013236
comb_emb_d15_w10_exekg_mlsea_cosine_mkga,0.8243243243243243,0.8918918918918919,0.9527027027027027,0.9594594594594594,0.9594594594594594,0.9594594594594594,0.777027027027027,0.8648648648648649,0.9391891891891891,0.9594594594594594,0.9594594594594594,0.9594594594594594,0.8488376887201905,0.8395927733475805,0.8336919434971849,0.8320078593484195,0.8411128395342263,0.8498893175077772
comb_emb_d15_w10_exekg_mlsea_euclidian_mkga,0.777027027027027,0.8648648648648649,0.9459459459459459,0.9459459459459459,0.9527027027027027,0.9594594594594594,0.722972972972973,0.8378378378378378,0.9391891891891891,0.9459459459459459,0.9527027027027027,0.9594594594594594,0.8122213687410785,0.816497345919093,0.8289868864167905,0.8258226947287571,0.8394442211400647,0.8493880246854009
comb_emb_d15_w10_exekg_mlsea_manhattan_mkga,0.7905405405405406,0.8716216216216216,0.9391891891891891,0.9459459459459459,0.9527027027027027,0.9527027027027027,0.7364864864864865,0.8445945945945946,0.9256756756756757,0.9459459459459459,0.9527027027027027,0.9527027027027027,0.8260371092599873,0.8234484999347412,0.8289341989532456,0.8281573817206073,0.8402476481642762,0.8498294670238064
comb_emb_d15_w10_exekg_mlsea_dot_prod_mkga,0.8648648648648649,0.8648648648648649,0.8783783783783784,0.9121621621621622,0.9459459459459459,0.9527027027027027,0.777027027027027,0.7837837837837838,0.8648648648648649,0.8986486486486487,0.9391891891891891,0.9459459459459459,0.8801484240477504,0.8769252701039557,0.8710700235712465,0.8527324585182942,0.7489264717343876,0.7669672721159122
data_emb_d20_w10_exekg_cosine_mkga,0.8040540540540541,0.9054054054054054,0.9324324324324325,0.9391891891891891,0.9527027027027027,0.9594594594594594,0.7432432432432432,0.8581081081081081,0.918918918918919,0.9391891891891891,0.9527027027027027,0.9594594594594594,0.8017101844598472,0.8100249812281166,0.8102577999960737,0.8150764706972574,0.8157828398102271,0.8244279678771332
data_emb_d20_w10_exekg_euclidian_mkga,0.8243243243243243,0.8918918918918919,0.9391891891891891,0.9527027027027027,0.9594594594594594,0.9594594594594594,0.7635135135135135,0.8445945945945946,0.9324324324324325,0.9527027027027027,0.9594594594594594,0.9594594594594594,0.8314312681760245,0.8246247921636551,0.8229118630424668,0.8299467266684454,0.8331562053485536,0.8383439463339937
data_emb_d20_w10_exekg_manhattan_mkga,0.8243243243243243,0.8918918918918919,0.9391891891891891,0.9459459459459459,0.9594594594594594,0.9594594594594594,0.7702702702702703,0.8445945945945946,0.9324324324324325,0.9459459459459459,0.9594594594594594,0.9594594594594594,0.8324088470331272,0.821512444633205,0.8240361326291376,0.8316393098021866,0.8335315236836529,0.8395248621776049
data_emb_d20_w10_exekg_dot_prod_mkga,0.8648648648648649,0.8648648648648649,0.9054054054054054,0.9121621621621622,0.9459459459459459,0.9527027027027027,0.777027027027027,0.7837837837837838,0.8851351351351351,0.9054054054054054,0.9391891891891891,0.9459459459459459,0.8801484240477504,0.8769252701039557,0.844339258533103,0.8347546366521712,0.7758662054480598,0.764412224394046
pip_emb_d20_w10_exekg_cosine_mkga,0.8108108108108109,0.8851351351351351,0.9594594594594594,0.9594594594594594,0.9594594594594594,0.9594594594594594,0.7702702702702703,0.8513513513513513,0.9256756756756757,0.9594594594594594,0.9594594594594594,0.9594594594594594,0.8487107693672865,0.8474162021878295,0.8533664535923744,0.8694448597786893,0.8778306226179982,0.8819071091034058
pip_emb_d20_w10_exekg_euclidian_mkga,0.831081081081081,0.8918918918918919,0.9324324324324325,0.9527027027027027,0.9527027027027027,0.9527027027027027,0.7837837837837838,0.8581081081081081,0.918918918918919,0.9459459459459459,0.9527027027027027,0.9527027027027027,0.8579730232829065,0.8579128886399241,0.8570494109689243,0.867055569618634,0.8743567324605692,0.879681299391244
pip_emb_d20_w10_exekg_manhattan_mkga,0.8243243243243243,0.8918918918918919,0.9324324324324325,0.9527027027027027,0.9527027027027027,0.9527027027027027,0.7972972972972973,0.8581081081081081,0.918918918918919,0.9459459459459459,0.9527027027027027,0.9527027027027027,0.8541233090207347,0.8596935245419377,0.8588042756933857,0.867724003648937,0.8739268708159431,0.8785814247629172
pip_emb_d20_w10_exekg_dot_prod_mkga,0.02027027027027027,0.033783783783783786,0.46621621621621623,0.9391891891891891,0.9662162162162162,0.9797297297297297,0.02027027027027027,0.033783783783783786,0.4594594594594595,0.918918918918919,0.9459459459459459,0.9527027027027027,0.02027027027027027,0.017656399951117962,0.103888218584864,0.3249345699197571,0.4401470992400424,0.5087260924074136
comb_emb_d20_w10_exekg_cosine_mkga,0.8378378378378378,0.9256756756756757,0.9459459459459459,0.9527027027027027,0.9662162162162162,0.9662162162162162,0.8040540540540541,0.9054054054054054,0.9324324324324325,0.9527027027027027,0.9662162162162162,0.9662162162162162,0.8450448903975268,0.8457602261277374,0.8344801324339112,0.83543972189371,0.8381591150732224,0.8451706023144796
comb_emb_d20_w10_exekg_euclidian_mkga,0.8108108108108109,0.8918918918918919,0.9391891891891891,0.9527027027027027,0.9594594594594594,0.9594594594594594,0.7702702702702703,0.8513513513513513,0.9256756756756757,0.9527027027027027,0.9594594594594594,0.9594594594594594,0.8252312422932219,0.8267164742346759,0.8350417644962077,0.8360930585617409,0.8397374298244867,0.8431226202439939
comb_emb_d20_w10_exekg_manhattan_mkga,0.8108108108108109,0.8851351351351351,0.9391891891891891,0.9527027027027027,0.9594594594594594,0.9594594594594594,0.7702702702702703,0.8445945945945946,0.9256756756756757,0.9527027027027027,0.9594594594594594,0.9594594594594594,0.8256883186678021,0.8273278296897176,0.8332685052115371,0.8374370362396285,0.8403547517059095,0.8446248552744041
comb_emb_d20_w10_exekg_dot_prod_mkga,0.8648648648648649,0.8648648648648649,0.9054054054054054,0.9121621621621622,0.9459459459459459,0.9527027027027027,0.777027027027027,0.7837837837837838,0.8851351351351351,0.9054054054054054,0.9391891891891891,0.9459459459459459,0.8801484240477504,0.8769252701039557,0.8394387787871775,0.8330844418508084,0.7760862639714896,0.7638615562779849
data_emb_d20_w10_exekg_mlsea_cosine_mkga,0.7297297297297297,0.8851351351351351,0.9527027027027027,0.9527027027027027,0.9527027027027027,0.9594594594594594,0.6486486486486487,0.831081081081081,0.9391891891891891,0.9459459459459459,0.9527027027027027,0.9594594594594594,0.7532213811580931,0.7773045453716959,0.7988877176371292,0.8049696839639223,0.8094077563852526,0.8155180408765447
data_emb_d20_w10_exekg_mlsea_euclidian_mkga,0.7837837837837838,0.8851351351351351,0.9391891891891891,0.9459459459459459,0.9527027027027027,0.9594594594594594,0.7432432432432432,0.8716216216216216,0.9256756756756757,0.9391891891891891,0.9527027027027027,0.9594594594594594,0.8097831885580349,0.8167046657607706,0.8244772807853132,0.8254136836211847,0.8322586874922813,0.8405694480079845
data_emb_d20_w10_exekg_mlsea_manhattan_mkga,0.7702702702702703,0.8783783783783784,0.9391891891891891,0.9459459459459459,0.9527027027027027,0.9594594594594594,0.722972972972973,0.8648648648648649,0.9256756756756757,0.9391891891891891,0.9527027027027027,0.9594594594594594,0.7961038730494582,0.8153343940466459,0.82027589294084,0.824418538425288,0.8315891532972285,0.8401996823046023
data_emb_d20_w10_exekg_mlsea_dot_prod_mkga,0.8648648648648649,0.8648648648648649,0.8918918918918919,0.9121621621621622,0.9459459459459459,0.9527027027027027,0.777027027027027,0.7837837837837838,0.8783783783783784,0.8986486486486487,0.9391891891891891,0.9459459459459459,0.8801484240477504,0.8769252701039557,0.8582702750318352,0.8444497197558438,0.7484955943296685,0.7665992708726332
pip_emb_d20_w10_exekg_mlsea_cosine_mkga,0.8445945945945946,0.8986486486486487,0.9459459459459459,0.9594594594594594,0.9662162162162162,0.972972972972973,0.75,0.8581081081081081,0.918918918918919,0.9594594594594594,0.9594594594594594,0.9594594594594594,0.8536595260359005,0.8446668939264261,0.8454667639629397,0.8603819018614132,0.8715013572792825,0.8783969195055356
pip_emb_d20_w10_exekg_mlsea_euclidian_mkga,0.8513513513513513,0.9121621621621622,0.9527027027027027,0.9594594594594594,0.9662162162162162,0.9662162162162162,0.7702702702702703,0.8716216216216216,0.9324324324324325,0.9594594594594594,0.9594594594594594,0.9594594594594594,0.8601972824519953,0.8586960427762873,0.8554279326407889,0.8678163128725613,0.8743857454784808,0.8786134081461959
pip_emb_d20_w10_exekg_mlsea_manhattan_mkga,0.8581081081081081,0.9054054054054054,0.9527027027027027,0.9594594594594594,0.9662162162162162,0.972972972972973,0.777027027027027,0.8581081081081081,0.9256756756756757,0.9594594594594594,0.9594594594594594,0.9594594594594594,0.865860231367263,0.8581934556940565,0.8606310710198195,0.8671830472374327,0.8733268287490321,0.8790537466280266
pip_emb_d20_w10_exekg_mlsea_dot_prod_mkga,0.0,0.02702702702702703,0.8378378378378378,0.9662162162162162,0.9662162162162162,0.9797297297297297,0.0,0.02702702702702703,0.8040540540540541,0.9459459459459459,0.9459459459459459,0.9662162162162162,0.0,0.010455481276609233,0.26588113651486606,0.42724514500740496,0.49850924687326525,0.5518628829959856
comb_emb_d20_w10_exekg_mlsea_cosine_mkga,0.8175675675675675,0.9121621621621622,0.9662162162162162,0.9662162162162162,0.9662162162162162,0.9662162162162162,0.7972972972972973,0.8851351351351351,0.9391891891891891,0.9594594594594594,0.9662162162162162,0.9662162162162162,0.8440177568005425,0.8397271524883037,0.8368255817512402,0.8435143752548419,0.8485561894499654,0.8557540305061153
comb_emb_d20_w10_exekg_mlsea_euclidian_mkga,0.8040540540540541,0.8918918918918919,0.9391891891891891,0.9459459459459459,0.9527027027027027,0.9527027027027027,0.777027027027027,0.8783783783783784,0.9256756756756757,0.9391891891891891,0.9527027027027027,0.9527027027027027,0.836951082127214,0.8299215460807513,0.8345142102017004,0.8412643258509215,0.84529888248498,0.8522849753608887
comb_emb_d20_w10_exekg_mlsea_manhattan_mkga,0.8040540540540541,0.8851351351351351,0.9391891891891891,0.9459459459459459,0.9527027027027027,0.9527027027027027,0.777027027027027,0.8716216216216216,0.9256756756756757,0.9391891891891891,0.9527027027027027,0.9527027027027027,0.8375374306271793,0.8355520822777042,0.8372540533313927,0.8417582273631916,0.8453113234440213,0.8533444620293255
comb_emb_d20_w10_exekg_mlsea_dot_prod_mkga,0.8648648648648649,0.8648648648648649,0.8851351351351351,0.9121621621621622,0.9459459459459459,0.9527027027027027,0.777027027027027,0.7837837837837838,0.8783783783783784,0.8986486486486487,0.9391891891891891,0.9459459459459459,0.8801484240477504,0.8769252701039557,0.8654268679213496,0.8455876436517639,0.7493303677920021,0.767077693968208
