model,k,probability
data_emb_d10_w10_exekg_cosine,1,0.1791044776119403
data_emb_d10_w10_exekg_cosine,2,0.29850746268656714
data_emb_d10_w10_exekg_cosine,5,0.44776119402985076
data_emb_d10_w10_exekg_euclidian,1,0.17164179104477612
data_emb_d10_w10_exekg_euclidian,2,0.34328358208955223
data_emb_d10_w10_exekg_euclidian,5,0.4552238805970149
data_emb_d10_w10_exekg_manhattan,1,0.17164179104477612
data_emb_d10_w10_exekg_manhattan,2,0.3208955223880597
data_emb_d10_w10_exekg_manhattan,5,0.41044776119402987
data_emb_d10_w10_exekg_dot_prod,1,0.582089552238806
data_emb_d10_w10_exekg_dot_prod,2,0.664179104477612
data_emb_d10_w10_exekg_dot_prod,5,0.7388059701492538
pip_emb_d10_w10_exekg_cosine,1,0.31343283582089554
pip_emb_d10_w10_exekg_cosine,2,0.3880597014925373
pip_emb_d10_w10_exekg_cosine,5,0.5373134328358209
pip_emb_d10_w10_exekg_euclidian,1,0.2462686567164179
pip_emb_d10_w10_exekg_euclidian,2,0.3656716417910448
pip_emb_d10_w10_exekg_euclidian,5,0.5447761194029851
pip_emb_d10_w10_exekg_manhattan,1,0.27611940298507465
pip_emb_d10_w10_exekg_manhattan,2,0.373134328358209
pip_emb_d10_w10_exekg_manhattan,5,0.5522388059701493
pip_emb_d10_w10_exekg_dot_prod,1,0.014925373134328358
pip_emb_d10_w10_exekg_dot_prod,2,0.022388059701492536
pip_emb_d10_w10_exekg_dot_prod,5,0.34328358208955223
comb_emb_d10_w10_exekg_cosine,1,0.17164179104477612
comb_emb_d10_w10_exekg_cosine,2,0.31343283582089554
comb_emb_d10_w10_exekg_cosine,5,0.4552238805970149
comb_emb_d10_w10_exekg_euclidian,1,0.1791044776119403
comb_emb_d10_w10_exekg_euclidian,2,0.3208955223880597
comb_emb_d10_w10_exekg_euclidian,5,0.43283582089552236
comb_emb_d10_w10_exekg_manhattan,1,0.20149253731343283
comb_emb_d10_w10_exekg_manhattan,2,0.3358208955223881
comb_emb_d10_w10_exekg_manhattan,5,0.43283582089552236
comb_emb_d10_w10_exekg_dot_prod,1,0.582089552238806
comb_emb_d10_w10_exekg_dot_prod,2,0.664179104477612
comb_emb_d10_w10_exekg_dot_prod,5,0.7388059701492538
data_emb_d10_w10_exekg_mlsea_cosine,1,0.15671641791044777
data_emb_d10_w10_exekg_mlsea_cosine,2,0.2835820895522388
data_emb_d10_w10_exekg_mlsea_cosine,5,0.4552238805970149
data_emb_d10_w10_exekg_mlsea_euclidian,1,0.17164179104477612
data_emb_d10_w10_exekg_mlsea_euclidian,2,0.31343283582089554
data_emb_d10_w10_exekg_mlsea_euclidian,5,0.44776119402985076
data_emb_d10_w10_exekg_mlsea_manhattan,1,0.20149253731343283
data_emb_d10_w10_exekg_mlsea_manhattan,2,0.31343283582089554
data_emb_d10_w10_exekg_mlsea_manhattan,5,0.43283582089552236
data_emb_d10_w10_exekg_mlsea_dot_prod,1,0.582089552238806
data_emb_d10_w10_exekg_mlsea_dot_prod,2,0.664179104477612
data_emb_d10_w10_exekg_mlsea_dot_prod,5,0.7164179104477612
pip_emb_d10_w10_exekg_mlsea_cosine,1,0.26865671641791045
pip_emb_d10_w10_exekg_mlsea_cosine,2,0.417910447761194
pip_emb_d10_w10_exekg_mlsea_cosine,5,0.5522388059701493
pip_emb_d10_w10_exekg_mlsea_euclidian,1,0.27611940298507465
pip_emb_d10_w10_exekg_mlsea_euclidian,2,0.41044776119402987
pip_emb_d10_w10_exekg_mlsea_euclidian,5,0.5597014925373134
pip_emb_d10_w10_exekg_mlsea_manhattan,1,0.291044776119403
pip_emb_d10_w10_exekg_mlsea_manhattan,2,0.417910447761194
pip_emb_d10_w10_exekg_mlsea_manhattan,5,0.5447761194029851
pip_emb_d10_w10_exekg_mlsea_dot_prod,1,0.029850746268656716
pip_emb_d10_w10_exekg_mlsea_dot_prod,2,0.34328358208955223
pip_emb_d10_w10_exekg_mlsea_dot_prod,5,0.34328358208955223
comb_emb_d10_w10_exekg_mlsea_cosine,1,0.1865671641791045
comb_emb_d10_w10_exekg_mlsea_cosine,2,0.29850746268656714
comb_emb_d10_w10_exekg_mlsea_cosine,5,0.43283582089552236
comb_emb_d10_w10_exekg_mlsea_euclidian,1,0.15671641791044777
comb_emb_d10_w10_exekg_mlsea_euclidian,2,0.291044776119403
comb_emb_d10_w10_exekg_mlsea_euclidian,5,0.43283582089552236
comb_emb_d10_w10_exekg_mlsea_manhattan,1,0.16417910447761194
comb_emb_d10_w10_exekg_mlsea_manhattan,2,0.27611940298507465
comb_emb_d10_w10_exekg_mlsea_manhattan,5,0.41044776119402987
comb_emb_d10_w10_exekg_mlsea_dot_prod,1,0.582089552238806
comb_emb_d10_w10_exekg_mlsea_dot_prod,2,0.664179104477612
comb_emb_d10_w10_exekg_mlsea_dot_prod,5,0.7238805970149254
data_emb_d15_w10_exekg_cosine,1,0.20149253731343283
data_emb_d15_w10_exekg_cosine,2,0.31343283582089554
data_emb_d15_w10_exekg_cosine,5,0.48507462686567165
data_emb_d15_w10_exekg_euclidian,1,0.1865671641791045
data_emb_d15_w10_exekg_euclidian,2,0.26865671641791045
data_emb_d15_w10_exekg_euclidian,5,0.4552238805970149
data_emb_d15_w10_exekg_manhattan,1,0.16417910447761194
data_emb_d15_w10_exekg_manhattan,2,0.27611940298507465
data_emb_d15_w10_exekg_manhattan,5,0.44029850746268656
data_emb_d15_w10_exekg_dot_prod,1,0.582089552238806
data_emb_d15_w10_exekg_dot_prod,2,0.664179104477612
data_emb_d15_w10_exekg_dot_prod,5,0.7388059701492538
pip_emb_d15_w10_exekg_cosine,1,0.29850746268656714
pip_emb_d15_w10_exekg_cosine,2,0.3880597014925373
pip_emb_d15_w10_exekg_cosine,5,0.5522388059701493
pip_emb_d15_w10_exekg_euclidian,1,0.291044776119403
pip_emb_d15_w10_exekg_euclidian,2,0.373134328358209
pip_emb_d15_w10_exekg_euclidian,5,0.5522388059701493
pip_emb_d15_w10_exekg_manhattan,1,0.27611940298507465
pip_emb_d15_w10_exekg_manhattan,2,0.3582089552238806
pip_emb_d15_w10_exekg_manhattan,5,0.5447761194029851
pip_emb_d15_w10_exekg_dot_prod,1,0.014925373134328358
pip_emb_d15_w10_exekg_dot_prod,2,0.05223880597014925
pip_emb_d15_w10_exekg_dot_prod,5,0.4552238805970149
comb_emb_d15_w10_exekg_cosine,1,0.1791044776119403
comb_emb_d15_w10_exekg_cosine,2,0.27611940298507465
comb_emb_d15_w10_exekg_cosine,5,0.4253731343283582
comb_emb_d15_w10_exekg_euclidian,1,0.20149253731343283
comb_emb_d15_w10_exekg_euclidian,2,0.26865671641791045
comb_emb_d15_w10_exekg_euclidian,5,0.43283582089552236
comb_emb_d15_w10_exekg_manhattan,1,0.208955223880597
comb_emb_d15_w10_exekg_manhattan,2,0.291044776119403
comb_emb_d15_w10_exekg_manhattan,5,0.417910447761194
comb_emb_d15_w10_exekg_dot_prod,1,0.582089552238806
comb_emb_d15_w10_exekg_dot_prod,2,0.664179104477612
comb_emb_d15_w10_exekg_dot_prod,5,0.7313432835820896
data_emb_d15_w10_exekg_mlsea_cosine,1,0.2462686567164179
data_emb_d15_w10_exekg_mlsea_cosine,2,0.3358208955223881
data_emb_d15_w10_exekg_mlsea_cosine,5,0.4701492537313433
data_emb_d15_w10_exekg_mlsea_euclidian,1,0.22388059701492538
data_emb_d15_w10_exekg_mlsea_euclidian,2,0.30597014925373134
data_emb_d15_w10_exekg_mlsea_euclidian,5,0.4552238805970149
data_emb_d15_w10_exekg_mlsea_manhattan,1,0.23134328358208955
data_emb_d15_w10_exekg_mlsea_manhattan,2,0.29850746268656714
data_emb_d15_w10_exekg_mlsea_manhattan,5,0.4701492537313433
data_emb_d15_w10_exekg_mlsea_dot_prod,1,0.582089552238806
data_emb_d15_w10_exekg_mlsea_dot_prod,2,0.664179104477612
data_emb_d15_w10_exekg_mlsea_dot_prod,5,0.7238805970149254
pip_emb_d15_w10_exekg_mlsea_cosine,1,0.2835820895522388
pip_emb_d15_w10_exekg_mlsea_cosine,2,0.373134328358209
pip_emb_d15_w10_exekg_mlsea_cosine,5,0.5597014925373134
pip_emb_d15_w10_exekg_mlsea_euclidian,1,0.2835820895522388
pip_emb_d15_w10_exekg_mlsea_euclidian,2,0.39552238805970147
pip_emb_d15_w10_exekg_mlsea_euclidian,5,0.5223880597014925
pip_emb_d15_w10_exekg_mlsea_manhattan,1,0.27611940298507465
pip_emb_d15_w10_exekg_mlsea_manhattan,2,0.39552238805970147
pip_emb_d15_w10_exekg_mlsea_manhattan,5,0.5074626865671642
pip_emb_d15_w10_exekg_mlsea_dot_prod,1,0.007462686567164179
pip_emb_d15_w10_exekg_mlsea_dot_prod,2,0.007462686567164179
pip_emb_d15_w10_exekg_mlsea_dot_prod,5,0.3805970149253731
comb_emb_d15_w10_exekg_mlsea_cosine,1,0.26865671641791045
comb_emb_d15_w10_exekg_mlsea_cosine,2,0.3358208955223881
comb_emb_d15_w10_exekg_mlsea_cosine,5,0.44776119402985076
comb_emb_d15_w10_exekg_mlsea_euclidian,1,0.22388059701492538
comb_emb_d15_w10_exekg_mlsea_euclidian,2,0.3208955223880597
comb_emb_d15_w10_exekg_mlsea_euclidian,5,0.43283582089552236
comb_emb_d15_w10_exekg_mlsea_manhattan,1,0.23134328358208955
comb_emb_d15_w10_exekg_mlsea_manhattan,2,0.3283582089552239
comb_emb_d15_w10_exekg_mlsea_manhattan,5,0.44776119402985076
comb_emb_d15_w10_exekg_mlsea_dot_prod,1,0.582089552238806
comb_emb_d15_w10_exekg_mlsea_dot_prod,2,0.664179104477612
comb_emb_d15_w10_exekg_mlsea_dot_prod,5,0.7238805970149254
data_emb_d20_w10_exekg_cosine,1,0.21641791044776118
data_emb_d20_w10_exekg_cosine,2,0.3208955223880597
data_emb_d20_w10_exekg_cosine,5,0.4701492537313433
data_emb_d20_w10_exekg_euclidian,1,0.208955223880597
data_emb_d20_w10_exekg_euclidian,2,0.27611940298507465
data_emb_d20_w10_exekg_euclidian,5,0.44776119402985076
data_emb_d20_w10_exekg_manhattan,1,0.208955223880597
data_emb_d20_w10_exekg_manhattan,2,0.291044776119403
data_emb_d20_w10_exekg_manhattan,5,0.4552238805970149
data_emb_d20_w10_exekg_dot_prod,1,0.582089552238806
data_emb_d20_w10_exekg_dot_prod,2,0.664179104477612
data_emb_d20_w10_exekg_dot_prod,5,0.7313432835820896
pip_emb_d20_w10_exekg_cosine,1,0.27611940298507465
pip_emb_d20_w10_exekg_cosine,2,0.39552238805970147
pip_emb_d20_w10_exekg_cosine,5,0.5671641791044776
pip_emb_d20_w10_exekg_euclidian,1,0.2462686567164179
pip_emb_d20_w10_exekg_euclidian,2,0.40298507462686567
pip_emb_d20_w10_exekg_euclidian,5,0.5447761194029851
pip_emb_d20_w10_exekg_manhattan,1,0.26865671641791045
pip_emb_d20_w10_exekg_manhattan,2,0.41044776119402987
pip_emb_d20_w10_exekg_manhattan,5,0.5373134328358209
pip_emb_d20_w10_exekg_dot_prod,1,0.014925373134328358
pip_emb_d20_w10_exekg_dot_prod,2,0.022388059701492536
pip_emb_d20_w10_exekg_dot_prod,5,0.05970149253731343
comb_emb_d20_w10_exekg_cosine,1,0.1791044776119403
comb_emb_d20_w10_exekg_cosine,2,0.31343283582089554
comb_emb_d20_w10_exekg_cosine,5,0.44029850746268656
comb_emb_d20_w10_exekg_euclidian,1,0.1865671641791045
comb_emb_d20_w10_exekg_euclidian,2,0.31343283582089554
comb_emb_d20_w10_exekg_euclidian,5,0.4552238805970149
comb_emb_d20_w10_exekg_manhattan,1,0.19402985074626866
comb_emb_d20_w10_exekg_manhattan,2,0.31343283582089554
comb_emb_d20_w10_exekg_manhattan,5,0.4552238805970149
comb_emb_d20_w10_exekg_dot_prod,1,0.582089552238806
comb_emb_d20_w10_exekg_dot_prod,2,0.664179104477612
comb_emb_d20_w10_exekg_dot_prod,5,0.7388059701492538
data_emb_d20_w10_exekg_mlsea_cosine,1,0.19402985074626866
data_emb_d20_w10_exekg_mlsea_cosine,2,0.29850746268656714
data_emb_d20_w10_exekg_mlsea_cosine,5,0.4552238805970149
data_emb_d20_w10_exekg_mlsea_euclidian,1,0.1791044776119403
data_emb_d20_w10_exekg_mlsea_euclidian,2,0.26119402985074625
data_emb_d20_w10_exekg_mlsea_euclidian,5,0.44776119402985076
data_emb_d20_w10_exekg_mlsea_manhattan,1,0.20149253731343283
data_emb_d20_w10_exekg_mlsea_manhattan,2,0.291044776119403
data_emb_d20_w10_exekg_mlsea_manhattan,5,0.4701492537313433
data_emb_d20_w10_exekg_mlsea_dot_prod,1,0.582089552238806
data_emb_d20_w10_exekg_mlsea_dot_prod,2,0.664179104477612
data_emb_d20_w10_exekg_mlsea_dot_prod,5,0.7238805970149254
pip_emb_d20_w10_exekg_mlsea_cosine,1,0.2537313432835821
pip_emb_d20_w10_exekg_mlsea_cosine,2,0.3656716417910448
pip_emb_d20_w10_exekg_mlsea_cosine,5,0.5149253731343284
pip_emb_d20_w10_exekg_mlsea_euclidian,1,0.27611940298507465
pip_emb_d20_w10_exekg_mlsea_euclidian,2,0.3656716417910448
pip_emb_d20_w10_exekg_mlsea_euclidian,5,0.5223880597014925
pip_emb_d20_w10_exekg_mlsea_manhattan,1,0.27611940298507465
pip_emb_d20_w10_exekg_mlsea_manhattan,2,0.3582089552238806
pip_emb_d20_w10_exekg_mlsea_manhattan,5,0.5
pip_emb_d20_w10_exekg_mlsea_dot_prod,1,0.022388059701492536
pip_emb_d20_w10_exekg_mlsea_dot_prod,2,0.022388059701492536
pip_emb_d20_w10_exekg_mlsea_dot_prod,5,0.029850746268656716
comb_emb_d20_w10_exekg_mlsea_cosine,1,0.208955223880597
comb_emb_d20_w10_exekg_mlsea_cosine,2,0.26865671641791045
comb_emb_d20_w10_exekg_mlsea_cosine,5,0.417910447761194
comb_emb_d20_w10_exekg_mlsea_euclidian,1,0.15671641791044777
comb_emb_d20_w10_exekg_mlsea_euclidian,2,0.27611940298507465
comb_emb_d20_w10_exekg_mlsea_euclidian,5,0.4626865671641791
comb_emb_d20_w10_exekg_mlsea_manhattan,1,0.17164179104477612
comb_emb_d20_w10_exekg_mlsea_manhattan,2,0.26865671641791045
comb_emb_d20_w10_exekg_mlsea_manhattan,5,0.4626865671641791
comb_emb_d20_w10_exekg_mlsea_dot_prod,1,0.582089552238806
comb_emb_d20_w10_exekg_mlsea_dot_prod,2,0.664179104477612
comb_emb_d20_w10_exekg_mlsea_dot_prod,5,0.7238805970149254
data_emb_d10_w10_exekg_cosine_mkga,1,0.2537313432835821
data_emb_d10_w10_exekg_cosine_mkga,2,0.373134328358209
data_emb_d10_w10_exekg_cosine_mkga,5,0.5149253731343284
data_emb_d10_w10_exekg_euclidian_mkga,1,0.26119402985074625
data_emb_d10_w10_exekg_euclidian_mkga,2,0.34328358208955223
data_emb_d10_w10_exekg_euclidian_mkga,5,0.4701492537313433
data_emb_d10_w10_exekg_manhattan_mkga,1,0.22388059701492538
data_emb_d10_w10_exekg_manhattan_mkga,2,0.3283582089552239
data_emb_d10_w10_exekg_manhattan_mkga,5,0.44776119402985076
data_emb_d10_w10_exekg_dot_prod_mkga,1,0.582089552238806
data_emb_d10_w10_exekg_dot_prod_mkga,2,0.664179104477612
data_emb_d10_w10_exekg_dot_prod_mkga,5,0.7388059701492538
pip_emb_d10_w10_exekg_cosine_mkga,1,0.23880597014925373
pip_emb_d10_w10_exekg_cosine_mkga,2,0.35074626865671643
pip_emb_d10_w10_exekg_cosine_mkga,5,0.5
pip_emb_d10_w10_exekg_euclidian_mkga,1,0.22388059701492538
pip_emb_d10_w10_exekg_euclidian_mkga,2,0.373134328358209
pip_emb_d10_w10_exekg_euclidian_mkga,5,0.5149253731343284
pip_emb_d10_w10_exekg_manhattan_mkga,1,0.23134328358208955
pip_emb_d10_w10_exekg_manhattan_mkga,2,0.39552238805970147
pip_emb_d10_w10_exekg_manhattan_mkga,5,0.5
pip_emb_d10_w10_exekg_dot_prod_mkga,1,0.014925373134328358
pip_emb_d10_w10_exekg_dot_prod_mkga,2,0.022388059701492536
pip_emb_d10_w10_exekg_dot_prod_mkga,5,0.22388059701492538
comb_emb_d10_w10_exekg_cosine_mkga,1,0.2537313432835821
comb_emb_d10_w10_exekg_cosine_mkga,2,0.3283582089552239
comb_emb_d10_w10_exekg_cosine_mkga,5,0.5074626865671642
comb_emb_d10_w10_exekg_euclidian_mkga,1,0.2462686567164179
comb_emb_d10_w10_exekg_euclidian_mkga,2,0.34328358208955223
comb_emb_d10_w10_exekg_euclidian_mkga,5,0.4552238805970149
comb_emb_d10_w10_exekg_manhattan_mkga,1,0.22388059701492538
comb_emb_d10_w10_exekg_manhattan_mkga,2,0.3208955223880597
comb_emb_d10_w10_exekg_manhattan_mkga,5,0.44029850746268656
comb_emb_d10_w10_exekg_dot_prod_mkga,1,0.582089552238806
comb_emb_d10_w10_exekg_dot_prod_mkga,2,0.664179104477612
comb_emb_d10_w10_exekg_dot_prod_mkga,5,0.7313432835820896
data_emb_d10_w10_exekg_mlsea_cosine_mkga,1,0.208955223880597
data_emb_d10_w10_exekg_mlsea_cosine_mkga,2,0.31343283582089554
data_emb_d10_w10_exekg_mlsea_cosine_mkga,5,0.4626865671641791
data_emb_d10_w10_exekg_mlsea_euclidian_mkga,1,0.20149253731343283
data_emb_d10_w10_exekg_mlsea_euclidian_mkga,2,0.2835820895522388
data_emb_d10_w10_exekg_mlsea_euclidian_mkga,5,0.44029850746268656
data_emb_d10_w10_exekg_mlsea_manhattan_mkga,1,0.208955223880597
data_emb_d10_w10_exekg_mlsea_manhattan_mkga,2,0.30597014925373134
data_emb_d10_w10_exekg_mlsea_manhattan_mkga,5,0.4552238805970149
data_emb_d10_w10_exekg_mlsea_dot_prod_mkga,1,0.582089552238806
data_emb_d10_w10_exekg_mlsea_dot_prod_mkga,2,0.664179104477612
data_emb_d10_w10_exekg_mlsea_dot_prod_mkga,5,0.7238805970149254
pip_emb_d10_w10_exekg_mlsea_cosine_mkga,1,0.3283582089552239
pip_emb_d10_w10_exekg_mlsea_cosine_mkga,2,0.4701492537313433
pip_emb_d10_w10_exekg_mlsea_cosine_mkga,5,0.6044776119402985
pip_emb_d10_w10_exekg_mlsea_euclidian_mkga,1,0.2835820895522388
pip_emb_d10_w10_exekg_mlsea_euclidian_mkga,2,0.44776119402985076
pip_emb_d10_w10_exekg_mlsea_euclidian_mkga,5,0.5895522388059702
pip_emb_d10_w10_exekg_mlsea_manhattan_mkga,1,0.26119402985074625
pip_emb_d10_w10_exekg_mlsea_manhattan_mkga,2,0.4552238805970149
pip_emb_d10_w10_exekg_mlsea_manhattan_mkga,5,0.5970149253731343
pip_emb_d10_w10_exekg_mlsea_dot_prod_mkga,1,0.022388059701492536
pip_emb_d10_w10_exekg_mlsea_dot_prod_mkga,2,0.022388059701492536
pip_emb_d10_w10_exekg_mlsea_dot_prod_mkga,5,0.27611940298507465
comb_emb_d10_w10_exekg_mlsea_cosine_mkga,1,0.19402985074626866
comb_emb_d10_w10_exekg_mlsea_cosine_mkga,2,0.26865671641791045
comb_emb_d10_w10_exekg_mlsea_cosine_mkga,5,0.44776119402985076
comb_emb_d10_w10_exekg_mlsea_euclidian_mkga,1,0.21641791044776118
comb_emb_d10_w10_exekg_mlsea_euclidian_mkga,2,0.291044776119403
comb_emb_d10_w10_exekg_mlsea_euclidian_mkga,5,0.44029850746268656
comb_emb_d10_w10_exekg_mlsea_manhattan_mkga,1,0.1865671641791045
comb_emb_d10_w10_exekg_mlsea_manhattan_mkga,2,0.27611940298507465
comb_emb_d10_w10_exekg_mlsea_manhattan_mkga,5,0.4552238805970149
comb_emb_d10_w10_exekg_mlsea_dot_prod_mkga,1,0.582089552238806
comb_emb_d10_w10_exekg_mlsea_dot_prod_mkga,2,0.664179104477612
comb_emb_d10_w10_exekg_mlsea_dot_prod_mkga,5,0.7238805970149254
data_emb_d15_w10_exekg_cosine_mkga,1,0.26865671641791045
data_emb_d15_w10_exekg_cosine_mkga,2,0.3582089552238806
data_emb_d15_w10_exekg_cosine_mkga,5,0.5
data_emb_d15_w10_exekg_euclidian_mkga,1,0.22388059701492538
data_emb_d15_w10_exekg_euclidian_mkga,2,0.31343283582089554
data_emb_d15_w10_exekg_euclidian_mkga,5,0.4626865671641791
data_emb_d15_w10_exekg_manhattan_mkga,1,0.208955223880597
data_emb_d15_w10_exekg_manhattan_mkga,2,0.30597014925373134
data_emb_d15_w10_exekg_manhattan_mkga,5,0.4701492537313433
data_emb_d15_w10_exekg_dot_prod_mkga,1,0.582089552238806
data_emb_d15_w10_exekg_dot_prod_mkga,2,0.664179104477612
data_emb_d15_w10_exekg_dot_prod_mkga,5,0.7313432835820896
pip_emb_d15_w10_exekg_cosine_mkga,1,0.29850746268656714
pip_emb_d15_w10_exekg_cosine_mkga,2,0.3880597014925373
pip_emb_d15_w10_exekg_cosine_mkga,5,0.5373134328358209
pip_emb_d15_w10_exekg_euclidian_mkga,1,0.31343283582089554
pip_emb_d15_w10_exekg_euclidian_mkga,2,0.373134328358209
pip_emb_d15_w10_exekg_euclidian_mkga,5,0.5298507462686567
pip_emb_d15_w10_exekg_manhattan_mkga,1,0.2835820895522388
pip_emb_d15_w10_exekg_manhattan_mkga,2,0.3805970149253731
pip_emb_d15_w10_exekg_manhattan_mkga,5,0.5522388059701493
pip_emb_d15_w10_exekg_dot_prod_mkga,1,0.022388059701492536
pip_emb_d15_w10_exekg_dot_prod_mkga,2,0.022388059701492536
pip_emb_d15_w10_exekg_dot_prod_mkga,5,0.15671641791044777
comb_emb_d15_w10_exekg_cosine_mkga,1,0.23134328358208955
comb_emb_d15_w10_exekg_cosine_mkga,2,0.35074626865671643
comb_emb_d15_w10_exekg_cosine_mkga,5,0.44776119402985076
comb_emb_d15_w10_exekg_euclidian_mkga,1,0.19402985074626866
comb_emb_d15_w10_exekg_euclidian_mkga,2,0.31343283582089554
comb_emb_d15_w10_exekg_euclidian_mkga,5,0.4626865671641791
comb_emb_d15_w10_exekg_manhattan_mkga,1,0.17164179104477612
comb_emb_d15_w10_exekg_manhattan_mkga,2,0.31343283582089554
comb_emb_d15_w10_exekg_manhattan_mkga,5,0.44776119402985076
comb_emb_d15_w10_exekg_dot_prod_mkga,1,0.582089552238806
comb_emb_d15_w10_exekg_dot_prod_mkga,2,0.664179104477612
comb_emb_d15_w10_exekg_dot_prod_mkga,5,0.7388059701492538
data_emb_d15_w10_exekg_mlsea_cosine_mkga,1,0.17164179104477612
data_emb_d15_w10_exekg_mlsea_cosine_mkga,2,0.26119402985074625
data_emb_d15_w10_exekg_mlsea_cosine_mkga,5,0.5074626865671642
data_emb_d15_w10_exekg_mlsea_euclidian_mkga,1,0.23880597014925373
data_emb_d15_w10_exekg_mlsea_euclidian_mkga,2,0.31343283582089554
data_emb_d15_w10_exekg_mlsea_euclidian_mkga,5,0.48507462686567165
data_emb_d15_w10_exekg_mlsea_manhattan_mkga,1,0.23880597014925373
data_emb_d15_w10_exekg_mlsea_manhattan_mkga,2,0.3283582089552239
data_emb_d15_w10_exekg_mlsea_manhattan_mkga,5,0.4701492537313433
data_emb_d15_w10_exekg_mlsea_dot_prod_mkga,1,0.582089552238806
data_emb_d15_w10_exekg_mlsea_dot_prod_mkga,2,0.664179104477612
data_emb_d15_w10_exekg_mlsea_dot_prod_mkga,5,0.7388059701492538
pip_emb_d15_w10_exekg_mlsea_cosine_mkga,1,0.2835820895522388
pip_emb_d15_w10_exekg_mlsea_cosine_mkga,2,0.44029850746268656
pip_emb_d15_w10_exekg_mlsea_cosine_mkga,5,0.5597014925373134
pip_emb_d15_w10_exekg_mlsea_euclidian_mkga,1,0.2835820895522388
pip_emb_d15_w10_exekg_mlsea_euclidian_mkga,2,0.43283582089552236
pip_emb_d15_w10_exekg_mlsea_euclidian_mkga,5,0.5671641791044776
pip_emb_d15_w10_exekg_mlsea_manhattan_mkga,1,0.30597014925373134
pip_emb_d15_w10_exekg_mlsea_manhattan_mkga,2,0.4253731343283582
pip_emb_d15_w10_exekg_mlsea_manhattan_mkga,5,0.5597014925373134
pip_emb_d15_w10_exekg_mlsea_dot_prod_mkga,1,0.022388059701492536
pip_emb_d15_w10_exekg_mlsea_dot_prod_mkga,2,0.08208955223880597
pip_emb_d15_w10_exekg_mlsea_dot_prod_mkga,5,0.5074626865671642
comb_emb_d15_w10_exekg_mlsea_cosine_mkga,1,0.20149253731343283
comb_emb_d15_w10_exekg_mlsea_cosine_mkga,2,0.291044776119403
comb_emb_d15_w10_exekg_mlsea_cosine_mkga,5,0.44776119402985076
comb_emb_d15_w10_exekg_mlsea_euclidian_mkga,1,0.19402985074626866
comb_emb_d15_w10_exekg_mlsea_euclidian_mkga,2,0.27611940298507465
comb_emb_d15_w10_exekg_mlsea_euclidian_mkga,5,0.44776119402985076
comb_emb_d15_w10_exekg_mlsea_manhattan_mkga,1,0.208955223880597
comb_emb_d15_w10_exekg_mlsea_manhattan_mkga,2,0.3208955223880597
comb_emb_d15_w10_exekg_mlsea_manhattan_mkga,5,0.417910447761194
comb_emb_d15_w10_exekg_mlsea_dot_prod_mkga,1,0.582089552238806
comb_emb_d15_w10_exekg_mlsea_dot_prod_mkga,2,0.664179104477612
comb_emb_d15_w10_exekg_mlsea_dot_prod_mkga,5,0.7238805970149254
data_emb_d20_w10_exekg_cosine_mkga,1,0.2462686567164179
data_emb_d20_w10_exekg_cosine_mkga,2,0.3208955223880597
data_emb_d20_w10_exekg_cosine_mkga,5,0.44776119402985076
data_emb_d20_w10_exekg_euclidian_mkga,1,0.208955223880597
data_emb_d20_w10_exekg_euclidian_mkga,2,0.26865671641791045
data_emb_d20_w10_exekg_euclidian_mkga,5,0.41044776119402987
data_emb_d20_w10_exekg_manhattan_mkga,1,0.21641791044776118
data_emb_d20_w10_exekg_manhattan_mkga,2,0.26119402985074625
data_emb_d20_w10_exekg_manhattan_mkga,5,0.41044776119402987
data_emb_d20_w10_exekg_dot_prod_mkga,1,0.582089552238806
data_emb_d20_w10_exekg_dot_prod_mkga,2,0.664179104477612
data_emb_d20_w10_exekg_dot_prod_mkga,5,0.7388059701492538
pip_emb_d20_w10_exekg_cosine_mkga,1,0.27611940298507465
pip_emb_d20_w10_exekg_cosine_mkga,2,0.3880597014925373
pip_emb_d20_w10_exekg_cosine_mkga,5,0.5522388059701493
pip_emb_d20_w10_exekg_euclidian_mkga,1,0.23880597014925373
pip_emb_d20_w10_exekg_euclidian_mkga,2,0.3582089552238806
pip_emb_d20_w10_exekg_euclidian_mkga,5,0.5074626865671642
pip_emb_d20_w10_exekg_manhattan_mkga,1,0.21641791044776118
pip_emb_d20_w10_exekg_manhattan_mkga,2,0.34328358208955223
pip_emb_d20_w10_exekg_manhattan_mkga,5,0.4925373134328358
pip_emb_d20_w10_exekg_dot_prod_mkga,1,0.014925373134328358
pip_emb_d20_w10_exekg_dot_prod_mkga,2,0.022388059701492536
pip_emb_d20_w10_exekg_dot_prod_mkga,5,0.17164179104477612
comb_emb_d20_w10_exekg_cosine_mkga,1,0.22388059701492538
comb_emb_d20_w10_exekg_cosine_mkga,2,0.31343283582089554
comb_emb_d20_w10_exekg_cosine_mkga,5,0.4552238805970149
comb_emb_d20_w10_exekg_euclidian_mkga,1,0.22388059701492538
comb_emb_d20_w10_exekg_euclidian_mkga,2,0.291044776119403
comb_emb_d20_w10_exekg_euclidian_mkga,5,0.44029850746268656
comb_emb_d20_w10_exekg_manhattan_mkga,1,0.22388059701492538
comb_emb_d20_w10_exekg_manhattan_mkga,2,0.2835820895522388
comb_emb_d20_w10_exekg_manhattan_mkga,5,0.417910447761194
comb_emb_d20_w10_exekg_dot_prod_mkga,1,0.582089552238806
comb_emb_d20_w10_exekg_dot_prod_mkga,2,0.664179104477612
comb_emb_d20_w10_exekg_dot_prod_mkga,5,0.7388059701492538
data_emb_d20_w10_exekg_mlsea_cosine_mkga,1,0.1865671641791045
data_emb_d20_w10_exekg_mlsea_cosine_mkga,2,0.291044776119403
data_emb_d20_w10_exekg_mlsea_cosine_mkga,5,0.5
data_emb_d20_w10_exekg_mlsea_euclidian_mkga,1,0.1865671641791045
data_emb_d20_w10_exekg_mlsea_euclidian_mkga,2,0.291044776119403
data_emb_d20_w10_exekg_mlsea_euclidian_mkga,5,0.43283582089552236
data_emb_d20_w10_exekg_mlsea_manhattan_mkga,1,0.19402985074626866
data_emb_d20_w10_exekg_mlsea_manhattan_mkga,2,0.29850746268656714
data_emb_d20_w10_exekg_mlsea_manhattan_mkga,5,0.44776119402985076
data_emb_d20_w10_exekg_mlsea_dot_prod_mkga,1,0.582089552238806
data_emb_d20_w10_exekg_mlsea_dot_prod_mkga,2,0.664179104477612
data_emb_d20_w10_exekg_mlsea_dot_prod_mkga,5,0.7164179104477612
pip_emb_d20_w10_exekg_mlsea_cosine_mkga,1,0.27611940298507465
pip_emb_d20_w10_exekg_mlsea_cosine_mkga,2,0.43283582089552236
pip_emb_d20_w10_exekg_mlsea_cosine_mkga,5,0.5597014925373134
pip_emb_d20_w10_exekg_mlsea_euclidian_mkga,1,0.27611940298507465
pip_emb_d20_w10_exekg_mlsea_euclidian_mkga,2,0.4253731343283582
pip_emb_d20_w10_exekg_mlsea_euclidian_mkga,5,0.5522388059701493
pip_emb_d20_w10_exekg_mlsea_manhattan_mkga,1,0.291044776119403
pip_emb_d20_w10_exekg_mlsea_manhattan_mkga,2,0.417910447761194
pip_emb_d20_w10_exekg_mlsea_manhattan_mkga,5,0.5373134328358209
pip_emb_d20_w10_exekg_mlsea_dot_prod_mkga,1,0.022388059701492536
pip_emb_d20_w10_exekg_mlsea_dot_prod_mkga,2,0.022388059701492536
pip_emb_d20_w10_exekg_mlsea_dot_prod_mkga,5,0.34328358208955223
comb_emb_d20_w10_exekg_mlsea_cosine_mkga,1,0.20149253731343283
comb_emb_d20_w10_exekg_mlsea_cosine_mkga,2,0.3283582089552239
comb_emb_d20_w10_exekg_mlsea_cosine_mkga,5,0.47761194029850745
comb_emb_d20_w10_exekg_mlsea_euclidian_mkga,1,0.19402985074626866
comb_emb_d20_w10_exekg_mlsea_euclidian_mkga,2,0.3358208955223881
comb_emb_d20_w10_exekg_mlsea_euclidian_mkga,5,0.4552238805970149
comb_emb_d20_w10_exekg_mlsea_manhattan_mkga,1,0.20149253731343283
comb_emb_d20_w10_exekg_mlsea_manhattan_mkga,2,0.30597014925373134
comb_emb_d20_w10_exekg_mlsea_manhattan_mkga,5,0.4626865671641791
comb_emb_d20_w10_exekg_mlsea_dot_prod_mkga,1,0.582089552238806
comb_emb_d20_w10_exekg_mlsea_dot_prod_mkga,2,0.664179104477612
comb_emb_d20_w10_exekg_mlsea_dot_prod_mkga,5,0.7238805970149254
